[
    {
        "PERIOD": "2010-01",
        "JOINS": 186712,
        "LEAVERS": 26924,
        "NET_PERIOD": 159788,
        "NET_LIVE": 724932,
        "LIVE_CUSTOMERS": 3530583,
        "FIBRE_JOIN": 15090,
        "FIBRE_LEAVE": 0,
        "NET_FIBRE": 15090,
        "CHURN": 0.93,
        "ACQUIS": 6.65,
        "CHURN_NCO": 0.9,
        "ACQUIS_NCO": 6.61,
        "CHURN_CO": 0.64,
        "CO_JOINS": 1201,
        "CO_LEAVERS": 1074,
        "EA_LEAVERS": 2908,
        "IL_LEAVERS": 22942,
        "JOINS_4Q": 0,
        "LEAVERS_4Q": 0,
        "NET_4Q": 0,
        "CHURN_4Q": 0.0
    },
    {
        "PERIOD": "2010-02",
        "JOINS": 161584,
        "LEAVERS": 30741,
        "NET_PERIOD": 130843,
        "NET_LIVE": 130859,
        "LIVE_CUSTOMERS": 3661442,
        "FIBRE_JOIN": 14831,
        "FIBRE_LEAVE": 0,
        "NET_FIBRE": 14831,
        "CHURN": 0.85,
        "ACQUIS": 4.58,
        "CHURN_NCO": 0.82,
        "ACQUIS_NCO": 4.54,
        "CHURN_CO": 0.84,
        "CO_JOINS": 1356,
        "CO_LEAVERS": 1360,
        "EA_LEAVERS": 3068,
        "IL_LEAVERS": 26313,
        "JOINS_4Q": 0,
        "LEAVERS_4Q": 0,
        "NET_4Q": 0,
        "CHURN_4Q": 0.0
    },
    {
        "PERIOD": "2010-03",
        "JOINS": 215565,
        "LEAVERS": 36071,
        "NET_PERIOD": 179494,
        "NET_LIVE": 179498,
        "LIVE_CUSTOMERS": 3840940,
        "FIBRE_JOIN": 20593,
        "FIBRE_LEAVE": 0,
        "NET_FIBRE": 20593,
        "CHURN": 0.96,
        "ACQUIS": 5.89,
        "CHURN_NCO": 0.92,
        "ACQUIS_NCO": 5.85,
        "CHURN_CO": 0.64,
        "CO_JOINS": 1390,
        "CO_LEAVERS": 1460,
        "EA_LEAVERS": 3705,
        "IL_LEAVERS": 30906,
        "JOINS_4Q": 559914,
        "LEAVERS_4Q": 89842,
        "NET_4Q": 3368330,
        "CHURN_4Q": 2.46
    },
    {
        "PERIOD": "2010-04",
        "JOINS": 147514,
        "LEAVERS": 41269,
        "NET_PERIOD": 106245,
        "NET_LIVE": 106247,
        "LIVE_CUSTOMERS": 3947187,
        "FIBRE_JOIN": 12294,
        "FIBRE_LEAVE": 0,
        "NET_FIBRE": 12294,
        "CHURN": 1.06,
        "ACQUIS": 3.84,
        "CHURN_NCO": 1.03,
        "ACQUIS_NCO": 3.81,
        "CHURN_CO": 0.71,
        "CO_JOINS": 1054,
        "CO_LEAVERS": 1017,
        "EA_LEAVERS": 3248,
        "IL_LEAVERS": 37004,
        "JOINS_4Q": 0,
        "LEAVERS_4Q": 0,
        "NET_4Q": 0,
        "CHURN_4Q": 0.0
    },
    {
        "PERIOD": "2010-05",
        "JOINS": 126778,
        "LEAVERS": 50453,
        "NET_PERIOD": 76325,
        "NET_LIVE": 76307,
        "LIVE_CUSTOMERS": 4023494,
        "FIBRE_JOIN": 11894,
        "FIBRE_LEAVE": 0,
        "NET_FIBRE": 11894,
        "CHURN": 1.27,
        "ACQUIS": 3.21,
        "CHURN_NCO": 1.24,
        "ACQUIS_NCO": 3.18,
        "CHURN_CO": 0.9,
        "CO_JOINS": 1139,
        "CO_LEAVERS": 1202,
        "EA_LEAVERS": 3596,
        "IL_LEAVERS": 45655,
        "JOINS_4Q": 0,
        "LEAVERS_4Q": 0,
        "NET_4Q": 0,
        "CHURN_4Q": 0.0
    },
    {
        "PERIOD": "2010-06",
        "JOINS": 166214,
        "LEAVERS": 53043,
        "NET_PERIOD": 113171,
        "NET_LIVE": 113156,
        "LIVE_CUSTOMERS": 4136650,
        "FIBRE_JOIN": 15794,
        "FIBRE_LEAVE": 0,
        "NET_FIBRE": 15794,
        "CHURN": 1.3,
        "ACQUIS": 4.13,
        "CHURN_NCO": 1.27,
        "ACQUIS_NCO": 4.1,
        "CHURN_CO": 0.7,
        "CO_JOINS": 1161,
        "CO_LEAVERS": 1078,
        "EA_LEAVERS": 4188,
        "IL_LEAVERS": 47777,
        "JOINS_4Q": 437152,
        "LEAVERS_4Q": 141468,
        "NET_4Q": 3838455,
        "CHURN_4Q": 3.49
    },
    {
        "PERIOD": "2010-07",
        "JOINS": 168606,
        "LEAVERS": 66027,
        "NET_PERIOD": 102579,
        "NET_LIVE": 102558,
        "LIVE_CUSTOMERS": 4239208,
        "FIBRE_JOIN": 19758,
        "FIBRE_LEAVE": 0,
        "NET_FIBRE": 19758,
        "CHURN": 1.58,
        "ACQUIS": 4.08,
        "CHURN_NCO": 1.55,
        "ACQUIS_NCO": 4.04,
        "CHURN_CO": 0.76,
        "CO_JOINS": 1281,
        "CO_LEAVERS": 1210,
        "EA_LEAVERS": 5239,
        "IL_LEAVERS": 59578,
        "JOINS_4Q": 0,
        "LEAVERS_4Q": 0,
        "NET_4Q": 0,
        "CHURN_4Q": 0.0
    },
    {
        "PERIOD": "2010-08",
        "JOINS": 114352,
        "LEAVERS": 60056,
        "NET_PERIOD": 54296,
        "NET_LIVE": 54251,
        "LIVE_CUSTOMERS": 4293459,
        "FIBRE_JOIN": 13645,
        "FIBRE_LEAVE": 0,
        "NET_FIBRE": 13645,
        "CHURN": 1.41,
        "ACQUIS": 2.7,
        "CHURN_NCO": 1.38,
        "ACQUIS_NCO": 2.67,
        "CHURN_CO": 1.1,
        "CO_JOINS": 1256,
        "CO_LEAVERS": 1277,
        "EA_LEAVERS": 4418,
        "IL_LEAVERS": 54361,
        "JOINS_4Q": 0,
        "LEAVERS_4Q": 0,
        "NET_4Q": 0,
        "CHURN_4Q": 0.0
    },
    {
        "PERIOD": "2010-09",
        "JOINS": 124545,
        "LEAVERS": 63876,
        "NET_PERIOD": 60669,
        "NET_LIVE": 60640,
        "LIVE_CUSTOMERS": 4354099,
        "FIBRE_JOIN": 15254,
        "FIBRE_LEAVE": 0,
        "NET_FIBRE": 15254,
        "CHURN": 1.48,
        "ACQUIS": 2.9,
        "CHURN_NCO": 1.45,
        "ACQUIS_NCO": 2.87,
        "CHURN_CO": 1.08,
        "CO_JOINS": 1344,
        "CO_LEAVERS": 1237,
        "EA_LEAVERS": 4967,
        "IL_LEAVERS": 57672,
        "JOINS_4Q": 403622,
        "LEAVERS_4Q": 186235,
        "NET_4Q": 4134196,
        "CHURN_4Q": 4.3
    },
    {
        "PERIOD": "2010-10",
        "JOINS": 101212,
        "LEAVERS": 118657,
        "NET_PERIOD": -17445.0,
        "NET_LIVE": -17481.0,
        "LIVE_CUSTOMERS": 4336618,
        "FIBRE_JOIN": 12852,
        "FIBRE_LEAVE": 0,
        "NET_FIBRE": 12852,
        "CHURN": 2.73,
        "ACQUIS": 2.32,
        "CHURN_NCO": 2.69,
        "ACQUIS_NCO": 2.28,
        "CHURN_CO": 1.73,
        "CO_JOINS": 1747,
        "CO_LEAVERS": 1802,
        "EA_LEAVERS": 4838,
        "IL_LEAVERS": 112017,
        "JOINS_4Q": 0,
        "LEAVERS_4Q": 0,
        "NET_4Q": 0,
        "CHURN_4Q": 0.0
    },
    {
        "PERIOD": "2010-11",
        "JOINS": 78161,
        "LEAVERS": 86851,
        "NET_PERIOD": -8690.0,
        "NET_LIVE": -8697.0,
        "LIVE_CUSTOMERS": 4327921,
        "FIBRE_JOIN": 9223,
        "FIBRE_LEAVE": 0,
        "NET_FIBRE": 9223,
        "CHURN": 2.0,
        "ACQUIS": 1.8,
        "CHURN_NCO": 1.98,
        "ACQUIS_NCO": 1.78,
        "CHURN_CO": 1.39,
        "CO_JOINS": 1088,
        "CO_LEAVERS": 1230,
        "EA_LEAVERS": 4371,
        "IL_LEAVERS": 81250,
        "JOINS_4Q": 0,
        "LEAVERS_4Q": 0,
        "NET_4Q": 0,
        "CHURN_4Q": 0.0
    },
    {
        "PERIOD": "2010-12",
        "JOINS": 35707,
        "LEAVERS": 75546,
        "NET_PERIOD": -39839.0,
        "NET_LIVE": -39854.0,
        "LIVE_CUSTOMERS": 4288067,
        "FIBRE_JOIN": 3773,
        "FIBRE_LEAVE": 0,
        "NET_FIBRE": 3773,
        "CHURN": 1.75,
        "ACQUIS": 0.83,
        "CHURN_NCO": 1.74,
        "ACQUIS_NCO": 0.81,
        "CHURN_CO": 1.85,
        "CO_JOINS": 662,
        "CO_LEAVERS": 743,
        "EA_LEAVERS": 3777,
        "IL_LEAVERS": 71026,
        "JOINS_4Q": 211583,
        "LEAVERS_4Q": 277279,
        "NET_4Q": 4351740,
        "CHURN_4Q": 6.22
    },
    {
        "PERIOD": "2011-01",
        "JOINS": 46820,
        "LEAVERS": 70086,
        "NET_PERIOD": -23266.0,
        "NET_LIVE": -23309.0,
        "LIVE_CUSTOMERS": 4264758,
        "FIBRE_JOIN": 4834,
        "FIBRE_LEAVE": 0,
        "NET_FIBRE": 4834,
        "CHURN": 1.64,
        "ACQUIS": 1.09,
        "CHURN_NCO": 1.62,
        "ACQUIS_NCO": 1.07,
        "CHURN_CO": 1.65,
        "CO_JOINS": 773,
        "CO_LEAVERS": 679,
        "EA_LEAVERS": 2588,
        "IL_LEAVERS": 66819,
        "JOINS_4Q": 0,
        "LEAVERS_4Q": 0,
        "NET_4Q": 0,
        "CHURN_4Q": 0.0
    },
    {
        "PERIOD": "2011-02",
        "JOINS": 47556,
        "LEAVERS": 80254,
        "NET_PERIOD": -32698.0,
        "NET_LIVE": -32750.0,
        "LIVE_CUSTOMERS": 4232008,
        "FIBRE_JOIN": 4960,
        "FIBRE_LEAVE": 0,
        "NET_FIBRE": 4960,
        "CHURN": 1.89,
        "ACQUIS": 1.12,
        "CHURN_NCO": 1.87,
        "ACQUIS_NCO": 1.1,
        "CHURN_CO": 1.62,
        "CO_JOINS": 772,
        "CO_LEAVERS": 776,
        "EA_LEAVERS": 2126,
        "IL_LEAVERS": 77352,
        "JOINS_4Q": 0,
        "LEAVERS_4Q": 0,
        "NET_4Q": 0,
        "CHURN_4Q": 0.0
    },
    {
        "PERIOD": "2011-03",
        "JOINS": 61877,
        "LEAVERS": 77800,
        "NET_PERIOD": -15923.0,
        "NET_LIVE": -15968.0,
        "LIVE_CUSTOMERS": 4216040,
        "FIBRE_JOIN": 6465,
        "FIBRE_LEAVE": 0,
        "NET_FIBRE": 6465,
        "CHURN": 1.84,
        "ACQUIS": 1.46,
        "CHURN_NCO": 1.81,
        "ACQUIS_NCO": 1.43,
        "CHURN_CO": 2.21,
        "CO_JOINS": 1368,
        "CO_LEAVERS": 1340,
        "EA_LEAVERS": 2589,
        "IL_LEAVERS": 73871,
        "JOINS_4Q": 153340,
        "LEAVERS_4Q": 225345,
        "NET_4Q": 4285766,
        "CHURN_4Q": 5.17
    },
    {
        "PERIOD": "2011-04",
        "JOINS": 42504,
        "LEAVERS": 76612,
        "NET_PERIOD": -34108.0,
        "NET_LIVE": -34153.0,
        "LIVE_CUSTOMERS": 4181887,
        "FIBRE_JOIN": 4242,
        "FIBRE_LEAVE": 0,
        "NET_FIBRE": 4242,
        "CHURN": 1.82,
        "ACQUIS": 1.01,
        "CHURN_NCO": 1.8,
        "ACQUIS_NCO": 0.99,
        "CHURN_CO": 1.92,
        "CO_JOINS": 817,
        "CO_LEAVERS": 830,
        "EA_LEAVERS": 2697,
        "IL_LEAVERS": 73085,
        "JOINS_4Q": 0,
        "LEAVERS_4Q": 0,
        "NET_4Q": 0,
        "CHURN_4Q": 0.0
    },
    {
        "PERIOD": "2011-05",
        "JOINS": 55592,
        "LEAVERS": 71104,
        "NET_PERIOD": -15512.0,
        "NET_LIVE": -15557.0,
        "LIVE_CUSTOMERS": 4166330,
        "FIBRE_JOIN": 5567,
        "FIBRE_LEAVE": 0,
        "NET_FIBRE": 5567,
        "CHURN": 1.7,
        "ACQUIS": 1.33,
        "CHURN_NCO": 1.68,
        "ACQUIS_NCO": 1.31,
        "CHURN_CO": 1.79,
        "CO_JOINS": 997,
        "CO_LEAVERS": 1006,
        "EA_LEAVERS": 3090,
        "IL_LEAVERS": 67008,
        "JOINS_4Q": 0,
        "LEAVERS_4Q": 0,
        "NET_4Q": 0,
        "CHURN_4Q": 0.0
    },
    {
        "PERIOD": "2011-06",
        "JOINS": 53041,
        "LEAVERS": 72782,
        "NET_PERIOD": -19741.0,
        "NET_LIVE": -19792.0,
        "LIVE_CUSTOMERS": 4146538,
        "FIBRE_JOIN": 5267,
        "FIBRE_LEAVE": 0,
        "NET_FIBRE": 5267,
        "CHURN": 1.75,
        "ACQUIS": 1.27,
        "CHURN_NCO": 1.73,
        "ACQUIS_NCO": 1.25,
        "CHURN_CO": 1.85,
        "CO_JOINS": 982,
        "CO_LEAVERS": 1005,
        "EA_LEAVERS": 3309,
        "IL_LEAVERS": 68468,
        "JOINS_4Q": 148341,
        "LEAVERS_4Q": 217657,
        "NET_4Q": 4213879,
        "CHURN_4Q": 5.08
    },
    {
        "PERIOD": "2011-07",
        "JOINS": 48151,
        "LEAVERS": 77224,
        "NET_PERIOD": -29073.0,
        "NET_LIVE": -29118.0,
        "LIVE_CUSTOMERS": 4117420,
        "FIBRE_JOIN": 4861,
        "FIBRE_LEAVE": 0,
        "NET_FIBRE": 4861,
        "CHURN": 1.87,
        "ACQUIS": 1.16,
        "CHURN_NCO": 1.85,
        "ACQUIS_NCO": 1.14,
        "CHURN_CO": 1.88,
        "CO_JOINS": 903,
        "CO_LEAVERS": 911,
        "EA_LEAVERS": 3293,
        "IL_LEAVERS": 73020,
        "JOINS_4Q": 0,
        "LEAVERS_4Q": 0,
        "NET_4Q": 0,
        "CHURN_4Q": 0.0
    },
    {
        "PERIOD": "2011-08",
        "JOINS": 47631,
        "LEAVERS": 72761,
        "NET_PERIOD": -25130.0,
        "NET_LIVE": -25214.0,
        "LIVE_CUSTOMERS": 4092206,
        "FIBRE_JOIN": 4845,
        "FIBRE_LEAVE": 0,
        "NET_FIBRE": 4845,
        "CHURN": 1.77,
        "ACQUIS": 1.16,
        "CHURN_NCO": 1.75,
        "ACQUIS_NCO": 1.13,
        "CHURN_CO": 1.96,
        "CO_JOINS": 933,
        "CO_LEAVERS": 924,
        "EA_LEAVERS": 2928,
        "IL_LEAVERS": 68909,
        "JOINS_4Q": 0,
        "LEAVERS_4Q": 0,
        "NET_4Q": 0,
        "CHURN_4Q": 0.0
    },
    {
        "PERIOD": "2011-09",
        "JOINS": 59501,
        "LEAVERS": 72533,
        "NET_PERIOD": -13032.0,
        "NET_LIVE": -13040.0,
        "LIVE_CUSTOMERS": 4079166,
        "FIBRE_JOIN": 5888,
        "FIBRE_LEAVE": 0,
        "NET_FIBRE": 5888,
        "CHURN": 1.78,
        "ACQUIS": 1.45,
        "CHURN_NCO": 1.75,
        "ACQUIS_NCO": 1.43,
        "CHURN_CO": 1.69,
        "CO_JOINS": 1008,
        "CO_LEAVERS": 936,
        "EA_LEAVERS": 2919,
        "IL_LEAVERS": 68678,
        "JOINS_4Q": 152439,
        "LEAVERS_4Q": 219747,
        "NET_4Q": 4144518,
        "CHURN_4Q": 5.21
    },
    {
        "PERIOD": "2011-10",
        "JOINS": 52523,
        "LEAVERS": 79586,
        "NET_PERIOD": -27063.0,
        "NET_LIVE": -27125.0,
        "LIVE_CUSTOMERS": 4052041,
        "FIBRE_JOIN": 5379,
        "FIBRE_LEAVE": 0,
        "NET_FIBRE": 5379,
        "CHURN": 1.96,
        "ACQUIS": 1.29,
        "CHURN_NCO": 1.93,
        "ACQUIS_NCO": 1.26,
        "CHURN_CO": 1.77,
        "CO_JOINS": 932,
        "CO_LEAVERS": 958,
        "EA_LEAVERS": 3091,
        "IL_LEAVERS": 75537,
        "JOINS_4Q": 0,
        "LEAVERS_4Q": 0,
        "NET_4Q": 0,
        "CHURN_4Q": 0.0
    },
    {
        "PERIOD": "2011-11",
        "JOINS": 53156,
        "LEAVERS": 77871,
        "NET_PERIOD": -24715.0,
        "NET_LIVE": -24870.0,
        "LIVE_CUSTOMERS": 4027171,
        "FIBRE_JOIN": 5939,
        "FIBRE_LEAVE": 0,
        "NET_FIBRE": 5939,
        "CHURN": 1.93,
        "ACQUIS": 1.31,
        "CHURN_NCO": 1.9,
        "ACQUIS_NCO": 1.29,
        "CHURN_CO": 1.95,
        "CO_JOINS": 1039,
        "CO_LEAVERS": 1060,
        "EA_LEAVERS": 2937,
        "IL_LEAVERS": 73874,
        "JOINS_4Q": 0,
        "LEAVERS_4Q": 0,
        "NET_4Q": 0,
        "CHURN_4Q": 0.0
    },
    {
        "PERIOD": "2011-12",
        "JOINS": 37383,
        "LEAVERS": 73166,
        "NET_PERIOD": -35783.0,
        "NET_LIVE": -35844.0,
        "LIVE_CUSTOMERS": 3991327,
        "FIBRE_JOIN": 3866,
        "FIBRE_LEAVE": 0,
        "NET_FIBRE": 3866,
        "CHURN": 1.82,
        "ACQUIS": 0.93,
        "CHURN_NCO": 1.8,
        "ACQUIS_NCO": 0.91,
        "CHURN_CO": 1.96,
        "CO_JOINS": 731,
        "CO_LEAVERS": 815,
        "EA_LEAVERS": 2811,
        "IL_LEAVERS": 69540,
        "JOINS_4Q": 140360,
        "LEAVERS_4Q": 227790,
        "NET_4Q": 4077283,
        "CHURN_4Q": 5.49
    },
    {
        "PERIOD": "2012-01",
        "JOINS": 52388,
        "LEAVERS": 68015,
        "NET_PERIOD": -15627.0,
        "NET_LIVE": -15701.0,
        "LIVE_CUSTOMERS": 3975626,
        "FIBRE_JOIN": 4906,
        "FIBRE_LEAVE": 0,
        "NET_FIBRE": 4906,
        "CHURN": 1.71,
        "ACQUIS": 1.31,
        "CHURN_NCO": 1.68,
        "ACQUIS_NCO": 1.29,
        "CHURN_CO": 2.07,
        "CO_JOINS": 1083,
        "CO_LEAVERS": 966,
        "EA_LEAVERS": 2132,
        "IL_LEAVERS": 64917,
        "JOINS_4Q": 0,
        "LEAVERS_4Q": 0,
        "NET_4Q": 0,
        "CHURN_4Q": 0.0
    },
    {
        "PERIOD": "2012-02",
        "JOINS": 51657,
        "LEAVERS": 71604,
        "NET_PERIOD": -19947.0,
        "NET_LIVE": -20019.0,
        "LIVE_CUSTOMERS": 3955607,
        "FIBRE_JOIN": 4872,
        "FIBRE_LEAVE": 0,
        "NET_FIBRE": 4872,
        "CHURN": 1.81,
        "ACQUIS": 1.3,
        "CHURN_NCO": 1.78,
        "ACQUIS_NCO": 1.27,
        "CHURN_CO": 2.02,
        "CO_JOINS": 1042,
        "CO_LEAVERS": 978,
        "EA_LEAVERS": 2545,
        "IL_LEAVERS": 68081,
        "JOINS_4Q": 0,
        "LEAVERS_4Q": 0,
        "NET_4Q": 0,
        "CHURN_4Q": 0.0
    },
    {
        "PERIOD": "2012-03",
        "JOINS": 50349,
        "LEAVERS": 79519,
        "NET_PERIOD": -29170.0,
        "NET_LIVE": -29238.0,
        "LIVE_CUSTOMERS": 3926369,
        "FIBRE_JOIN": 4730,
        "FIBRE_LEAVE": 0,
        "NET_FIBRE": 4730,
        "CHURN": 2.02,
        "ACQUIS": 1.27,
        "CHURN_NCO": 1.99,
        "ACQUIS_NCO": 1.24,
        "CHURN_CO": 2.22,
        "CO_JOINS": 1120,
        "CO_LEAVERS": 1249,
        "EA_LEAVERS": 3226,
        "IL_LEAVERS": 75044,
        "JOINS_4Q": 151149,
        "LEAVERS_4Q": 215945,
        "NET_4Q": 3989722,
        "CHURN_4Q": 5.31
    },
    {
        "PERIOD": "2012-04",
        "JOINS": 39597,
        "LEAVERS": 67196,
        "NET_PERIOD": -27599.0,
        "NET_LIVE": -27657.0,
        "LIVE_CUSTOMERS": 3898712,
        "FIBRE_JOIN": 3706,
        "FIBRE_LEAVE": 0,
        "NET_FIBRE": 3706,
        "CHURN": 1.72,
        "ACQUIS": 1.01,
        "CHURN_NCO": 1.69,
        "ACQUIS_NCO": 0.99,
        "CHURN_CO": 2.27,
        "CO_JOINS": 900,
        "CO_LEAVERS": 885,
        "EA_LEAVERS": 2763,
        "IL_LEAVERS": 63548,
        "JOINS_4Q": 0,
        "LEAVERS_4Q": 0,
        "NET_4Q": 0,
        "CHURN_4Q": 0.0
    },
    {
        "PERIOD": "2012-05",
        "JOINS": 47082,
        "LEAVERS": 79892,
        "NET_PERIOD": -32810.0,
        "NET_LIVE": -32880.0,
        "LIVE_CUSTOMERS": 3865832,
        "FIBRE_JOIN": 4720,
        "FIBRE_LEAVE": 0,
        "NET_FIBRE": 4720,
        "CHURN": 2.06,
        "ACQUIS": 1.21,
        "CHURN_NCO": 2.03,
        "ACQUIS_NCO": 1.18,
        "CHURN_CO": 2.2,
        "CO_JOINS": 1038,
        "CO_LEAVERS": 1036,
        "EA_LEAVERS": 2854,
        "IL_LEAVERS": 76002,
        "JOINS_4Q": 0,
        "LEAVERS_4Q": 0,
        "NET_4Q": 0,
        "CHURN_4Q": 0.0
    },
    {
        "PERIOD": "2012-06",
        "JOINS": 50220,
        "LEAVERS": 65205,
        "NET_PERIOD": -14985.0,
        "NET_LIVE": -15034.0,
        "LIVE_CUSTOMERS": 3850798,
        "FIBRE_JOIN": 4688,
        "FIBRE_LEAVE": 0,
        "NET_FIBRE": 4688,
        "CHURN": 1.69,
        "ACQUIS": 1.3,
        "CHURN_NCO": 1.66,
        "ACQUIS_NCO": 1.27,
        "CHURN_CO": 2.09,
        "CO_JOINS": 1050,
        "CO_LEAVERS": 969,
        "EA_LEAVERS": 2162,
        "IL_LEAVERS": 62074,
        "JOINS_4Q": 133911,
        "LEAVERS_4Q": 209403,
        "NET_4Q": 3924978,
        "CHURN_4Q": 5.25
    },
    {
        "PERIOD": "2012-07",
        "JOINS": 61595,
        "LEAVERS": 64514,
        "NET_PERIOD": -2919.0,
        "NET_LIVE": -2965.0,
        "LIVE_CUSTOMERS": 3847833,
        "FIBRE_JOIN": 6260,
        "FIBRE_LEAVE": 0,
        "NET_FIBRE": 6260,
        "CHURN": 1.68,
        "ACQUIS": 1.6,
        "CHURN_NCO": 1.65,
        "ACQUIS_NCO": 1.57,
        "CHURN_CO": 1.75,
        "CO_JOINS": 1077,
        "CO_LEAVERS": 1134,
        "EA_LEAVERS": 2343,
        "IL_LEAVERS": 61037,
        "JOINS_4Q": 0,
        "LEAVERS_4Q": 0,
        "NET_4Q": 0,
        "CHURN_4Q": 0.0
    },
    {
        "PERIOD": "2012-08",
        "JOINS": 47352,
        "LEAVERS": 68307,
        "NET_PERIOD": -20955.0,
        "NET_LIVE": -21000.0,
        "LIVE_CUSTOMERS": 3826833,
        "FIBRE_JOIN": 4688,
        "FIBRE_LEAVE": 0,
        "NET_FIBRE": 4688,
        "CHURN": 1.78,
        "ACQUIS": 1.23,
        "CHURN_NCO": 1.75,
        "ACQUIS_NCO": 1.2,
        "CHURN_CO": 2.12,
        "CO_JOINS": 1004,
        "CO_LEAVERS": 1020,
        "EA_LEAVERS": 2716,
        "IL_LEAVERS": 64571,
        "JOINS_4Q": 0,
        "LEAVERS_4Q": 0,
        "NET_4Q": 0,
        "CHURN_4Q": 0.0
    },
    {
        "PERIOD": "2012-09",
        "JOINS": 67372,
        "LEAVERS": 66829,
        "NET_PERIOD": 543,
        "NET_LIVE": 526,
        "LIVE_CUSTOMERS": 3827359,
        "FIBRE_JOIN": 6589,
        "FIBRE_LEAVE": 0,
        "NET_FIBRE": 6589,
        "CHURN": 1.75,
        "ACQUIS": 1.76,
        "CHURN_NCO": 1.72,
        "ACQUIS_NCO": 1.73,
        "CHURN_CO": 1.56,
        "CO_JOINS": 1051,
        "CO_LEAVERS": 1050,
        "EA_LEAVERS": 2564,
        "IL_LEAVERS": 63215,
        "JOINS_4Q": 173187,
        "LEAVERS_4Q": 196446,
        "NET_4Q": 3849584,
        "CHURN_4Q": 4.99
    },
    {
        "PERIOD": "2012-10",
        "JOINS": 66768,
        "LEAVERS": 71987,
        "NET_PERIOD": -5219.0,
        "NET_LIVE": -5238.0,
        "LIVE_CUSTOMERS": 3822121,
        "FIBRE_JOIN": 7577,
        "FIBRE_LEAVE": 0,
        "NET_FIBRE": 7577,
        "CHURN": 1.88,
        "ACQUIS": 1.74,
        "CHURN_NCO": 1.85,
        "ACQUIS_NCO": 1.71,
        "CHURN_CO": 1.77,
        "CO_JOINS": 1184,
        "CO_LEAVERS": 1170,
        "EA_LEAVERS": 2922,
        "IL_LEAVERS": 67895,
        "JOINS_4Q": 0,
        "LEAVERS_4Q": 0,
        "NET_4Q": 0,
        "CHURN_4Q": 0.0
    },
    {
        "PERIOD": "2012-11",
        "JOINS": 60213,
        "LEAVERS": 70432,
        "NET_PERIOD": -10219.0,
        "NET_LIVE": -10227.0,
        "LIVE_CUSTOMERS": 3811894,
        "FIBRE_JOIN": 6851,
        "FIBRE_LEAVE": 0,
        "NET_FIBRE": 6851,
        "CHURN": 1.85,
        "ACQUIS": 1.58,
        "CHURN_NCO": 1.81,
        "ACQUIS_NCO": 1.54,
        "CHURN_CO": 2.18,
        "CO_JOINS": 1315,
        "CO_LEAVERS": 1274,
        "EA_LEAVERS": 2792,
        "IL_LEAVERS": 66366,
        "JOINS_4Q": 0,
        "LEAVERS_4Q": 0,
        "NET_4Q": 0,
        "CHURN_4Q": 0.0
    },
    {
        "PERIOD": "2012-12",
        "JOINS": 44322,
        "LEAVERS": 58266,
        "NET_PERIOD": -13944.0,
        "NET_LIVE": -13943.0,
        "LIVE_CUSTOMERS": 3797951,
        "FIBRE_JOIN": 5450,
        "FIBRE_LEAVE": 0,
        "NET_FIBRE": 5450,
        "CHURN": 1.53,
        "ACQUIS": 1.16,
        "CHURN_NCO": 1.5,
        "ACQUIS_NCO": 1.14,
        "CHURN_CO": 2.02,
        "CO_JOINS": 896,
        "CO_LEAVERS": 1045,
        "EA_LEAVERS": 3096,
        "IL_LEAVERS": 54125,
        "JOINS_4Q": 167908,
        "LEAVERS_4Q": 197196,
        "NET_4Q": 3826253,
        "CHURN_4Q": 5.04
    },
    {
        "PERIOD": "2013-01",
        "JOINS": 57538,
        "LEAVERS": 72479,
        "NET_PERIOD": -14941.0,
        "NET_LIVE": -14948.0,
        "LIVE_CUSTOMERS": 3783003,
        "FIBRE_JOIN": 7251,
        "FIBRE_LEAVE": 0,
        "NET_FIBRE": 7251,
        "CHURN": 1.91,
        "ACQUIS": 1.51,
        "CHURN_NCO": 1.88,
        "ACQUIS_NCO": 1.48,
        "CHURN_CO": 2.06,
        "CO_JOINS": 1184,
        "CO_LEAVERS": 1074,
        "EA_LEAVERS": 3332,
        "IL_LEAVERS": 68073,
        "JOINS_4Q": 0,
        "LEAVERS_4Q": 0,
        "NET_4Q": 0,
        "CHURN_4Q": 0.0
    },
    {
        "PERIOD": "2013-02",
        "JOINS": 59970,
        "LEAVERS": 70070,
        "NET_PERIOD": -10100.0,
        "NET_LIVE": -10109.0,
        "LIVE_CUSTOMERS": 3772894,
        "FIBRE_JOIN": 7327,
        "FIBRE_LEAVE": 0,
        "NET_FIBRE": 7327,
        "CHURN": 1.85,
        "ACQUIS": 1.59,
        "CHURN_NCO": 1.82,
        "ACQUIS_NCO": 1.55,
        "CHURN_CO": 1.99,
        "CO_JOINS": 1195,
        "CO_LEAVERS": 1155,
        "EA_LEAVERS": 3526,
        "IL_LEAVERS": 65389,
        "JOINS_4Q": 0,
        "LEAVERS_4Q": 0,
        "NET_4Q": 0,
        "CHURN_4Q": 0.0
    },
    {
        "PERIOD": "2013-03",
        "JOINS": 69225,
        "LEAVERS": 67750,
        "NET_PERIOD": 1475,
        "NET_LIVE": 1434,
        "LIVE_CUSTOMERS": 3774328,
        "FIBRE_JOIN": 7892,
        "FIBRE_LEAVE": 0,
        "NET_FIBRE": 7892,
        "CHURN": 1.8,
        "ACQUIS": 1.83,
        "CHURN_NCO": 1.76,
        "ACQUIS_NCO": 1.8,
        "CHURN_CO": 1.86,
        "CO_JOINS": 1290,
        "CO_LEAVERS": 1384,
        "EA_LEAVERS": 3767,
        "IL_LEAVERS": 62599,
        "JOINS_4Q": 183064,
        "LEAVERS_4Q": 206686,
        "NET_4Q": 3796871,
        "CHURN_4Q": 5.32
    },
    {
        "PERIOD": "2013-04",
        "JOINS": 62103,
        "LEAVERS": 71800,
        "NET_PERIOD": -9697.0,
        "NET_LIVE": -9688.0,
        "LIVE_CUSTOMERS": 3764640,
        "FIBRE_JOIN": 7197,
        "FIBRE_LEAVE": 0,
        "NET_FIBRE": 7197,
        "CHURN": 1.9,
        "ACQUIS": 1.65,
        "CHURN_NCO": 1.87,
        "ACQUIS_NCO": 1.61,
        "CHURN_CO": 2.21,
        "CO_JOINS": 1370,
        "CO_LEAVERS": 1308,
        "EA_LEAVERS": 4024,
        "IL_LEAVERS": 66468,
        "JOINS_4Q": 0,
        "LEAVERS_4Q": 0,
        "NET_4Q": 0,
        "CHURN_4Q": 0.0
    },
    {
        "PERIOD": "2013-05",
        "JOINS": 64610,
        "LEAVERS": 65467,
        "NET_PERIOD": -857.0,
        "NET_LIVE": -868.0,
        "LIVE_CUSTOMERS": 3763772,
        "FIBRE_JOIN": 8398,
        "FIBRE_LEAVE": 0,
        "NET_FIBRE": 8398,
        "CHURN": 1.74,
        "ACQUIS": 1.72,
        "CHURN_NCO": 1.7,
        "ACQUIS_NCO": 1.67,
        "CHURN_CO": 2.49,
        "CO_JOINS": 1610,
        "CO_LEAVERS": 1557,
        "EA_LEAVERS": 3600,
        "IL_LEAVERS": 60310,
        "JOINS_4Q": 0,
        "LEAVERS_4Q": 0,
        "NET_4Q": 0,
        "CHURN_4Q": 0.0
    },
    {
        "PERIOD": "2013-06",
        "JOINS": 56589,
        "LEAVERS": 61583,
        "NET_PERIOD": -4994.0,
        "NET_LIVE": -5008.0,
        "LIVE_CUSTOMERS": 3758764,
        "FIBRE_JOIN": 7169,
        "FIBRE_LEAVE": 0,
        "NET_FIBRE": 7169,
        "CHURN": 1.64,
        "ACQUIS": 1.5,
        "CHURN_NCO": 1.6,
        "ACQUIS_NCO": 1.47,
        "CHURN_CO": 1.95,
        "CO_JOINS": 1106,
        "CO_LEAVERS": 1227,
        "EA_LEAVERS": 3465,
        "IL_LEAVERS": 56891,
        "JOINS_4Q": 179216,
        "LEAVERS_4Q": 194758,
        "NET_4Q": 3773305,
        "CHURN_4Q": 5.04
    },
    {
        "PERIOD": "2013-07",
        "JOINS": 73237,
        "LEAVERS": 72223,
        "NET_PERIOD": 1014,
        "NET_LIVE": 1008,
        "LIVE_CUSTOMERS": 3759772,
        "FIBRE_JOIN": 8904,
        "FIBRE_LEAVE": 2,
        "NET_FIBRE": 8902,
        "CHURN": 1.92,
        "ACQUIS": 1.95,
        "CHURN_NCO": 1.89,
        "ACQUIS_NCO": 1.91,
        "CHURN_CO": 1.83,
        "CO_JOINS": 1341,
        "CO_LEAVERS": 1268,
        "EA_LEAVERS": 3519,
        "IL_LEAVERS": 67436,
        "JOINS_4Q": 0,
        "LEAVERS_4Q": 0,
        "NET_4Q": 0,
        "CHURN_4Q": 0.0
    },
    {
        "PERIOD": "2013-08",
        "JOINS": 51658,
        "LEAVERS": 82252,
        "NET_PERIOD": -30594.0,
        "NET_LIVE": -30556.0,
        "LIVE_CUSTOMERS": 3729216,
        "FIBRE_JOIN": 7355,
        "FIBRE_LEAVE": 1,
        "NET_FIBRE": 7354,
        "CHURN": 2.2,
        "ACQUIS": 1.37,
        "CHURN_NCO": 2.17,
        "ACQUIS_NCO": 1.35,
        "CHURN_CO": 1.88,
        "CO_JOINS": 973,
        "CO_LEAVERS": 1076,
        "EA_LEAVERS": 3766,
        "IL_LEAVERS": 77410,
        "JOINS_4Q": 0,
        "LEAVERS_4Q": 0,
        "NET_4Q": 0,
        "CHURN_4Q": 0.0
    },
    {
        "PERIOD": "2013-09",
        "JOINS": 65146,
        "LEAVERS": 74011,
        "NET_PERIOD": -8865.0,
        "NET_LIVE": -8897.0,
        "LIVE_CUSTOMERS": 3720319,
        "FIBRE_JOIN": 9400,
        "FIBRE_LEAVE": 1,
        "NET_FIBRE": 9399,
        "CHURN": 1.99,
        "ACQUIS": 1.75,
        "CHURN_NCO": 1.96,
        "ACQUIS_NCO": 1.71,
        "CHURN_CO": 1.85,
        "CO_JOINS": 1202,
        "CO_LEAVERS": 1136,
        "EA_LEAVERS": 3593,
        "IL_LEAVERS": 69282,
        "JOINS_4Q": 186525,
        "LEAVERS_4Q": 225006,
        "NET_4Q": 3757757,
        "CHURN_4Q": 5.84
    },
    {
        "PERIOD": "2013-10",
        "JOINS": 59196,
        "LEAVERS": 77305,
        "NET_PERIOD": -18109.0,
        "NET_LIVE": -18106.0,
        "LIVE_CUSTOMERS": 3702213,
        "FIBRE_JOIN": 9159,
        "FIBRE_LEAVE": 1,
        "NET_FIBRE": 9158,
        "CHURN": 2.08,
        "ACQUIS": 1.59,
        "CHURN_NCO": 2.05,
        "ACQUIS_NCO": 1.56,
        "CHURN_CO": 2.02,
        "CO_JOINS": 1198,
        "CO_LEAVERS": 1241,
        "EA_LEAVERS": 3737,
        "IL_LEAVERS": 72327,
        "JOINS_4Q": 0,
        "LEAVERS_4Q": 0,
        "NET_4Q": 0,
        "CHURN_4Q": 0.0
    },
    {
        "PERIOD": "2013-11",
        "JOINS": 50818,
        "LEAVERS": 69812,
        "NET_PERIOD": -18994.0,
        "NET_LIVE": -18980.0,
        "LIVE_CUSTOMERS": 3683233,
        "FIBRE_JOIN": 8140,
        "FIBRE_LEAVE": 1,
        "NET_FIBRE": 8139,
        "CHURN": 1.89,
        "ACQUIS": 1.37,
        "CHURN_NCO": 1.86,
        "ACQUIS_NCO": 1.35,
        "CHURN_CO": 2.0,
        "CO_JOINS": 1015,
        "CO_LEAVERS": 1058,
        "EA_LEAVERS": 3102,
        "IL_LEAVERS": 65652,
        "JOINS_4Q": 0,
        "LEAVERS_4Q": 0,
        "NET_4Q": 0,
        "CHURN_4Q": 0.0
    },
    {
        "PERIOD": "2013-12",
        "JOINS": 34643,
        "LEAVERS": 58194,
        "NET_PERIOD": -23551.0,
        "NET_LIVE": -23533.0,
        "LIVE_CUSTOMERS": 3659700,
        "FIBRE_JOIN": 6354,
        "FIBRE_LEAVE": 0,
        "NET_FIBRE": 6354,
        "CHURN": 1.59,
        "ACQUIS": 0.94,
        "CHURN_NCO": 1.56,
        "ACQUIS_NCO": 0.92,
        "CHURN_CO": 1.99,
        "CO_JOINS": 689,
        "CO_LEAVERS": 769,
        "EA_LEAVERS": 2709,
        "IL_LEAVERS": 54716,
        "JOINS_4Q": 141755,
        "LEAVERS_4Q": 202243,
        "NET_4Q": 3719312,
        "CHURN_4Q": 5.34
    },
    {
        "PERIOD": "2014-01",
        "JOINS": 49101,
        "LEAVERS": 66282,
        "NET_PERIOD": -17181.0,
        "NET_LIVE": -17103.0,
        "LIVE_CUSTOMERS": 3642597,
        "FIBRE_JOIN": 8967,
        "FIBRE_LEAVE": 1,
        "NET_FIBRE": 8966,
        "CHURN": 1.82,
        "ACQUIS": 1.34,
        "CHURN_NCO": 1.78,
        "ACQUIS_NCO": 1.31,
        "CHURN_CO": 2.66,
        "CO_JOINS": 1304,
        "CO_LEAVERS": 1149,
        "EA_LEAVERS": 2405,
        "IL_LEAVERS": 62728,
        "JOINS_4Q": 0,
        "LEAVERS_4Q": 0,
        "NET_4Q": 0,
        "CHURN_4Q": 0.0
    },
    {
        "PERIOD": "2014-02",
        "JOINS": 48136,
        "LEAVERS": 63225,
        "NET_PERIOD": -15089.0,
        "NET_LIVE": -14989.0,
        "LIVE_CUSTOMERS": 3627608,
        "FIBRE_JOIN": 8814,
        "FIBRE_LEAVE": 4,
        "NET_FIBRE": 8810,
        "CHURN": 1.74,
        "ACQUIS": 1.32,
        "CHURN_NCO": 1.71,
        "ACQUIS_NCO": 1.29,
        "CHURN_CO": 2.32,
        "CO_JOINS": 1118,
        "CO_LEAVERS": 1135,
        "EA_LEAVERS": 2046,
        "IL_LEAVERS": 60044,
        "JOINS_4Q": 0,
        "LEAVERS_4Q": 0,
        "NET_4Q": 0,
        "CHURN_4Q": 0.0
    },
    {
        "PERIOD": "2014-03",
        "JOINS": 49063,
        "LEAVERS": 67595,
        "NET_PERIOD": -18532.0,
        "NET_LIVE": -18471.0,
        "LIVE_CUSTOMERS": 3609137,
        "FIBRE_JOIN": 9156,
        "FIBRE_LEAVE": 3,
        "NET_FIBRE": 9153,
        "CHURN": 1.87,
        "ACQUIS": 1.35,
        "CHURN_NCO": 1.83,
        "ACQUIS_NCO": 1.32,
        "CHURN_CO": 2.49,
        "CO_JOINS": 1222,
        "CO_LEAVERS": 1248,
        "EA_LEAVERS": 2200,
        "IL_LEAVERS": 64147,
        "JOINS_4Q": 142656,
        "LEAVERS_4Q": 193570,
        "NET_4Q": 3658658,
        "CHURN_4Q": 5.19
    },
    {
        "PERIOD": "2014-04",
        "JOINS": 47270,
        "LEAVERS": 82257,
        "NET_PERIOD": -34987.0,
        "NET_LIVE": -34931.0,
        "LIVE_CUSTOMERS": 3574206,
        "FIBRE_JOIN": 9441,
        "FIBRE_LEAVE": 4,
        "NET_FIBRE": 9437,
        "CHURN": 2.29,
        "ACQUIS": 1.31,
        "CHURN_NCO": 2.26,
        "ACQUIS_NCO": 1.28,
        "CHURN_CO": 2.31,
        "CO_JOINS": 1091,
        "CO_LEAVERS": 1118,
        "EA_LEAVERS": 2439,
        "IL_LEAVERS": 78700,
        "JOINS_4Q": 0,
        "LEAVERS_4Q": 0,
        "NET_4Q": 0,
        "CHURN_4Q": 0.0
    },
    {
        "PERIOD": "2014-05",
        "JOINS": 49464,
        "LEAVERS": 69986,
        "NET_PERIOD": -20522.0,
        "NET_LIVE": -20440.0,
        "LIVE_CUSTOMERS": 3553766,
        "FIBRE_JOIN": 9878,
        "FIBRE_LEAVE": 6,
        "NET_FIBRE": 9872,
        "CHURN": 1.96,
        "ACQUIS": 1.38,
        "CHURN_NCO": 1.93,
        "ACQUIS_NCO": 1.35,
        "CHURN_CO": 2.37,
        "CO_JOINS": 1171,
        "CO_LEAVERS": 1132,
        "EA_LEAVERS": 2445,
        "IL_LEAVERS": 66409,
        "JOINS_4Q": 0,
        "LEAVERS_4Q": 0,
        "NET_4Q": 0,
        "CHURN_4Q": 0.0
    },
    {
        "PERIOD": "2014-06",
        "JOINS": 53489,
        "LEAVERS": 61812,
        "NET_PERIOD": -8323.0,
        "NET_LIVE": -8244.0,
        "LIVE_CUSTOMERS": 3545522,
        "FIBRE_JOIN": 10521,
        "FIBRE_LEAVE": 3,
        "NET_FIBRE": 10518,
        "CHURN": 1.74,
        "ACQUIS": 1.51,
        "CHURN_NCO": 1.7,
        "ACQUIS_NCO": 1.46,
        "CHURN_CO": 2.74,
        "CO_JOINS": 1467,
        "CO_LEAVERS": 1433,
        "EA_LEAVERS": 2251,
        "IL_LEAVERS": 58128,
        "JOINS_4Q": 146494,
        "LEAVERS_4Q": 210372,
        "NET_4Q": 3607856,
        "CHURN_4Q": 5.71
    },
    {
        "PERIOD": "2014-07",
        "JOINS": 55502,
        "LEAVERS": 70804,
        "NET_PERIOD": -15302.0,
        "NET_LIVE": -15205.0,
        "LIVE_CUSTOMERS": 3530317,
        "FIBRE_JOIN": 12511,
        "FIBRE_LEAVE": 4,
        "NET_FIBRE": 12507,
        "CHURN": 2.0,
        "ACQUIS": 1.57,
        "CHURN_NCO": 1.96,
        "ACQUIS_NCO": 1.53,
        "CHURN_CO": 2.24,
        "CO_JOINS": 1241,
        "CO_LEAVERS": 1309,
        "EA_LEAVERS": 2556,
        "IL_LEAVERS": 66939,
        "JOINS_4Q": 0,
        "LEAVERS_4Q": 0,
        "NET_4Q": 0,
        "CHURN_4Q": 0.0
    },
    {
        "PERIOD": "2014-08",
        "JOINS": 59754,
        "LEAVERS": 69237,
        "NET_PERIOD": -9483.0,
        "NET_LIVE": -9397.0,
        "LIVE_CUSTOMERS": 3520920,
        "FIBRE_JOIN": 13574,
        "FIBRE_LEAVE": 6,
        "NET_FIBRE": 13568,
        "CHURN": 1.96,
        "ACQUIS": 1.69,
        "CHURN_NCO": 1.93,
        "ACQUIS_NCO": 1.66,
        "CHURN_CO": 2.05,
        "CO_JOINS": 1223,
        "CO_LEAVERS": 1203,
        "EA_LEAVERS": 2180,
        "IL_LEAVERS": 65854,
        "JOINS_4Q": 0,
        "LEAVERS_4Q": 0,
        "NET_4Q": 0,
        "CHURN_4Q": 0.0
    },
    {
        "PERIOD": "2014-09",
        "JOINS": 65314,
        "LEAVERS": 71433,
        "NET_PERIOD": -6119.0,
        "NET_LIVE": -6016.0,
        "LIVE_CUSTOMERS": 3514904,
        "FIBRE_JOIN": 15106,
        "FIBRE_LEAVE": 10,
        "NET_FIBRE": 15096,
        "CHURN": 2.03,
        "ACQUIS": 1.86,
        "CHURN_NCO": 1.99,
        "ACQUIS_NCO": 1.81,
        "CHURN_CO": 2.45,
        "CO_JOINS": 1599,
        "CO_LEAVERS": 1513,
        "EA_LEAVERS": 2525,
        "IL_LEAVERS": 67395,
        "JOINS_4Q": 176507,
        "LEAVERS_4Q": 207449,
        "NET_4Q": 3544024,
        "CHURN_4Q": 5.71
    },
    {
        "PERIOD": "2014-10",
        "JOINS": 67425,
        "LEAVERS": 75977,
        "NET_PERIOD": -8552.0,
        "NET_LIVE": -8488.0,
        "LIVE_CUSTOMERS": 3506416,
        "FIBRE_JOIN": 20046,
        "FIBRE_LEAVE": 14,
        "NET_FIBRE": 20032,
        "CHURN": 2.16,
        "ACQUIS": 1.92,
        "CHURN_NCO": 2.11,
        "ACQUIS_NCO": 1.87,
        "CHURN_CO": 2.5,
        "CO_JOINS": 1683,
        "CO_LEAVERS": 1745,
        "EA_LEAVERS": 2688,
        "IL_LEAVERS": 71544,
        "JOINS_4Q": 0,
        "LEAVERS_4Q": 0,
        "NET_4Q": 0,
        "CHURN_4Q": 0.0
    },
    {
        "PERIOD": "2014-11",
        "JOINS": 64020,
        "LEAVERS": 69656,
        "NET_PERIOD": -5636.0,
        "NET_LIVE": -5562.0,
        "LIVE_CUSTOMERS": 3500854,
        "FIBRE_JOIN": 18650,
        "FIBRE_LEAVE": 20,
        "NET_FIBRE": 18630,
        "CHURN": 1.99,
        "ACQUIS": 1.83,
        "CHURN_NCO": 1.95,
        "ACQUIS_NCO": 1.78,
        "CHURN_CO": 2.32,
        "CO_JOINS": 1487,
        "CO_LEAVERS": 1465,
        "EA_LEAVERS": 2854,
        "IL_LEAVERS": 65337,
        "JOINS_4Q": 0,
        "LEAVERS_4Q": 0,
        "NET_4Q": 0,
        "CHURN_4Q": 0.0
    },
    {
        "PERIOD": "2014-12",
        "JOINS": 46690,
        "LEAVERS": 60750,
        "NET_PERIOD": -14060.0,
        "NET_LIVE": -13971.0,
        "LIVE_CUSTOMERS": 3486883,
        "FIBRE_JOIN": 14019,
        "FIBRE_LEAVE": 13,
        "NET_FIBRE": 14006,
        "CHURN": 1.74,
        "ACQUIS": 1.33,
        "CHURN_NCO": 1.71,
        "ACQUIS_NCO": 1.31,
        "CHURN_CO": 2.08,
        "CO_JOINS": 971,
        "CO_LEAVERS": 1084,
        "EA_LEAVERS": 3003,
        "IL_LEAVERS": 56663,
        "JOINS_4Q": 173994,
        "LEAVERS_4Q": 202089,
        "NET_4Q": 3513120,
        "CHURN_4Q": 5.61
    },
    {
        "PERIOD": "2015-01",
        "JOINS": 69534,
        "LEAVERS": 75189,
        "NET_PERIOD": -5655.0,
        "NET_LIVE": -5532.0,
        "LIVE_CUSTOMERS": 3481351,
        "FIBRE_JOIN": 21943,
        "FIBRE_LEAVE": 12,
        "NET_FIBRE": 21931,
        "CHURN": 2.16,
        "ACQUIS": 1.99,
        "CHURN_NCO": 2.11,
        "ACQUIS_NCO": 1.95,
        "CHURN_CO": 2.36,
        "CO_JOINS": 1642,
        "CO_LEAVERS": 1536,
        "EA_LEAVERS": 2761,
        "IL_LEAVERS": 70892,
        "JOINS_4Q": 0,
        "LEAVERS_4Q": 0,
        "NET_4Q": 0,
        "CHURN_4Q": 0.0
    },
    {
        "PERIOD": "2015-02",
        "JOINS": 59928,
        "LEAVERS": 67758,
        "NET_PERIOD": -7830.0,
        "NET_LIVE": -7718.0,
        "LIVE_CUSTOMERS": 3473633,
        "FIBRE_JOIN": 19328,
        "FIBRE_LEAVE": 664,
        "NET_FIBRE": 18664,
        "CHURN": 1.95,
        "ACQUIS": 1.72,
        "CHURN_NCO": 1.89,
        "ACQUIS_NCO": 1.66,
        "CHURN_CO": 3.34,
        "CO_JOINS": 2003,
        "CO_LEAVERS": 2005,
        "EA_LEAVERS": 2692,
        "IL_LEAVERS": 63061,
        "JOINS_4Q": 0,
        "LEAVERS_4Q": 0,
        "NET_4Q": 0,
        "CHURN_4Q": 0.0
    },
    {
        "PERIOD": "2015-03",
        "JOINS": 82491,
        "LEAVERS": 75063,
        "NET_PERIOD": 7428,
        "NET_LIVE": 7551,
        "LIVE_CUSTOMERS": 3481184,
        "FIBRE_JOIN": 20281,
        "FIBRE_LEAVE": 4477,
        "NET_FIBRE": 15804,
        "CHURN": 2.16,
        "ACQUIS": 2.37,
        "CHURN_NCO": 2.11,
        "ACQUIS_NCO": 2.33,
        "CHURN_CO": 2.04,
        "CO_JOINS": 1679,
        "CO_LEAVERS": 1666,
        "EA_LEAVERS": 3456,
        "IL_LEAVERS": 69941,
        "JOINS_4Q": 206629,
        "LEAVERS_4Q": 212803,
        "NET_4Q": 3484872,
        "CHURN_4Q": 5.93
    },
    {
        "PERIOD": "2015-04",
        "JOINS": 65230,
        "LEAVERS": 75968,
        "NET_PERIOD": -10738.0,
        "NET_LIVE": -10639.0,
        "LIVE_CUSTOMERS": 3470545,
        "FIBRE_JOIN": 17740,
        "FIBRE_LEAVE": 5023,
        "NET_FIBRE": 12717,
        "CHURN": 2.19,
        "ACQUIS": 1.87,
        "CHURN_NCO": 2.14,
        "ACQUIS_NCO": 1.82,
        "CHURN_CO": 2.63,
        "CO_JOINS": 1717,
        "CO_LEAVERS": 1581,
        "EA_LEAVERS": 3963,
        "IL_LEAVERS": 70424,
        "JOINS_4Q": 0,
        "LEAVERS_4Q": 0,
        "NET_4Q": 0,
        "CHURN_4Q": 0.0
    },
    {
        "PERIOD": "2015-05",
        "JOINS": 52574,
        "LEAVERS": 68821,
        "NET_PERIOD": -16247.0,
        "NET_LIVE": -16149.0,
        "LIVE_CUSTOMERS": 3454396,
        "FIBRE_JOIN": 15581,
        "FIBRE_LEAVE": 6059,
        "NET_FIBRE": 9522,
        "CHURN": 1.99,
        "ACQUIS": 1.51,
        "CHURN_NCO": 1.94,
        "ACQUIS_NCO": 1.47,
        "CHURN_CO": 2.77,
        "CO_JOINS": 1455,
        "CO_LEAVERS": 1559,
        "EA_LEAVERS": 3810,
        "IL_LEAVERS": 63452,
        "JOINS_4Q": 0,
        "LEAVERS_4Q": 0,
        "NET_4Q": 0,
        "CHURN_4Q": 0.0
    },
    {
        "PERIOD": "2015-06",
        "JOINS": 57200,
        "LEAVERS": 84780,
        "NET_PERIOD": -27580.0,
        "NET_LIVE": -27488.0,
        "LIVE_CUSTOMERS": 3426908,
        "FIBRE_JOIN": 16502,
        "FIBRE_LEAVE": 7511,
        "NET_FIBRE": 8991,
        "CHURN": 2.46,
        "ACQUIS": 1.66,
        "CHURN_NCO": 2.42,
        "ACQUIS_NCO": 1.61,
        "CHURN_CO": 2.84,
        "CO_JOINS": 1626,
        "CO_LEAVERS": 1616,
        "EA_LEAVERS": 3809,
        "IL_LEAVERS": 79355,
        "JOINS_4Q": 170206,
        "LEAVERS_4Q": 224813,
        "NET_4Q": 3478815,
        "CHURN_4Q": 6.31
    },
    {
        "PERIOD": "2015-07",
        "JOINS": 58853,
        "LEAVERS": 90329,
        "NET_PERIOD": -31476.0,
        "NET_LIVE": -31390.0,
        "LIVE_CUSTOMERS": 3395518,
        "FIBRE_JOIN": 16763,
        "FIBRE_LEAVE": 8681,
        "NET_FIBRE": 8082,
        "CHURN": 2.65,
        "ACQUIS": 1.72,
        "CHURN_NCO": 2.6,
        "ACQUIS_NCO": 1.67,
        "CHURN_CO": 2.85,
        "CO_JOINS": 1678,
        "CO_LEAVERS": 1675,
        "EA_LEAVERS": 3593,
        "IL_LEAVERS": 85061,
        "JOINS_4Q": 0,
        "LEAVERS_4Q": 0,
        "NET_4Q": 0,
        "CHURN_4Q": 0.0
    },
    {
        "PERIOD": "2015-08",
        "JOINS": 54717,
        "LEAVERS": 86701,
        "NET_PERIOD": -31984.0,
        "NET_LIVE": -31900.0,
        "LIVE_CUSTOMERS": 3363618,
        "FIBRE_JOIN": 16622,
        "FIBRE_LEAVE": 10516,
        "NET_FIBRE": 6106,
        "CHURN": 2.57,
        "ACQUIS": 1.61,
        "CHURN_NCO": 2.52,
        "ACQUIS_NCO": 1.57,
        "CHURN_CO": 2.46,
        "CO_JOINS": 1344,
        "CO_LEAVERS": 1400,
        "EA_LEAVERS": 3622,
        "IL_LEAVERS": 81679,
        "JOINS_4Q": 0,
        "LEAVERS_4Q": 0,
        "NET_4Q": 0,
        "CHURN_4Q": 0.0
    },
    {
        "PERIOD": "2015-09",
        "JOINS": 57717,
        "LEAVERS": 79827,
        "NET_PERIOD": -22110.0,
        "NET_LIVE": -21997.0,
        "LIVE_CUSTOMERS": 3341621,
        "FIBRE_JOIN": 17156,
        "FIBRE_LEAVE": 8430,
        "NET_FIBRE": 8726,
        "CHURN": 2.38,
        "ACQUIS": 1.72,
        "CHURN_NCO": 2.34,
        "ACQUIS_NCO": 1.68,
        "CHURN_CO": 2.15,
        "CO_JOINS": 1242,
        "CO_LEAVERS": 1281,
        "EA_LEAVERS": 3632,
        "IL_LEAVERS": 74914,
        "JOINS_4Q": 167023,
        "LEAVERS_4Q": 252501,
        "NET_4Q": 3424250,
        "CHURN_4Q": 7.2
    },
    {
        "PERIOD": "2015-10",
        "JOINS": 41545,
        "LEAVERS": 110986,
        "NET_PERIOD": -69441.0,
        "NET_LIVE": -69349.0,
        "LIVE_CUSTOMERS": 3272272,
        "FIBRE_JOIN": 15806,
        "FIBRE_LEAVE": 13360,
        "NET_FIBRE": 2446,
        "CHURN": 3.36,
        "ACQUIS": 1.24,
        "CHURN_NCO": 3.32,
        "ACQUIS_NCO": 1.21,
        "CHURN_CO": 2.53,
        "CO_JOINS": 1051,
        "CO_LEAVERS": 1166,
        "EA_LEAVERS": 3938,
        "IL_LEAVERS": 105882,
        "JOINS_4Q": 0,
        "LEAVERS_4Q": 0,
        "NET_4Q": 0,
        "CHURN_4Q": 0.0
    },
    {
        "PERIOD": "2015-11",
        "JOINS": 53997,
        "LEAVERS": 109627,
        "NET_PERIOD": -55630.0,
        "NET_LIVE": -55514.0,
        "LIVE_CUSTOMERS": 3216758,
        "FIBRE_JOIN": 20107,
        "FIBRE_LEAVE": 11482,
        "NET_FIBRE": 8625,
        "CHURN": 3.38,
        "ACQUIS": 1.65,
        "CHURN_NCO": 3.35,
        "ACQUIS_NCO": 1.62,
        "CHURN_CO": 2.01,
        "CO_JOINS": 1088,
        "CO_LEAVERS": 849,
        "EA_LEAVERS": 3238,
        "IL_LEAVERS": 105540,
        "JOINS_4Q": 0,
        "LEAVERS_4Q": 0,
        "NET_4Q": 0,
        "CHURN_4Q": 0.0
    },
    {
        "PERIOD": "2015-12",
        "JOINS": 47700,
        "LEAVERS": 79580,
        "NET_PERIOD": -31880.0,
        "NET_LIVE": -31785.0,
        "LIVE_CUSTOMERS": 3184973,
        "FIBRE_JOIN": 17654,
        "FIBRE_LEAVE": 10345,
        "NET_FIBRE": 7309,
        "CHURN": 2.49,
        "ACQUIS": 1.48,
        "CHURN_NCO": 2.45,
        "ACQUIS_NCO": 1.45,
        "CHURN_CO": 1.98,
        "CO_JOINS": 946,
        "CO_LEAVERS": 1131,
        "EA_LEAVERS": 3148,
        "IL_LEAVERS": 75301,
        "JOINS_4Q": 140157,
        "LEAVERS_4Q": 297047,
        "NET_4Q": 3338680,
        "CHURN_4Q": 8.71
    },
    {
        "PERIOD": "2016-01",
        "JOINS": 79851,
        "LEAVERS": 67391,
        "NET_PERIOD": 12460,
        "NET_LIVE": 12598,
        "LIVE_CUSTOMERS": 3197571,
        "FIBRE_JOIN": 31590,
        "FIBRE_LEAVE": 9575,
        "NET_FIBRE": 22015,
        "CHURN": 2.11,
        "ACQUIS": 2.51,
        "CHURN_NCO": 2.06,
        "ACQUIS_NCO": 2.45,
        "CHURN_CO": 2.26,
        "CO_JOINS": 1808,
        "CO_LEAVERS": 1600,
        "EA_LEAVERS": 3019,
        "IL_LEAVERS": 62772,
        "JOINS_4Q": 0,
        "LEAVERS_4Q": 0,
        "NET_4Q": 0,
        "CHURN_4Q": 0.0
    },
    {
        "PERIOD": "2016-02",
        "JOINS": 52747,
        "LEAVERS": 65876,
        "NET_PERIOD": -13129.0,
        "NET_LIVE": -13034.0,
        "LIVE_CUSTOMERS": 3184537,
        "FIBRE_JOIN": 17103,
        "FIBRE_LEAVE": 9567,
        "NET_FIBRE": 7536,
        "CHURN": 2.06,
        "ACQUIS": 1.65,
        "CHURN_NCO": 2.02,
        "ACQUIS_NCO": 1.61,
        "CHURN_CO": 2.11,
        "CO_JOINS": 1113,
        "CO_LEAVERS": 1260,
        "EA_LEAVERS": 3969,
        "IL_LEAVERS": 60647,
        "JOINS_4Q": 0,
        "LEAVERS_4Q": 0,
        "NET_4Q": 0,
        "CHURN_4Q": 0.0
    },
    {
        "PERIOD": "2016-03",
        "JOINS": 44514,
        "LEAVERS": 76938,
        "NET_PERIOD": -32424.0,
        "NET_LIVE": -32299.0,
        "LIVE_CUSTOMERS": 3152238,
        "FIBRE_JOIN": 12323,
        "FIBRE_LEAVE": 10546,
        "NET_FIBRE": 1777,
        "CHURN": 2.43,
        "ACQUIS": 1.4,
        "CHURN_NCO": 2.4,
        "ACQUIS_NCO": 1.37,
        "CHURN_CO": 2.33,
        "CO_JOINS": 1036,
        "CO_LEAVERS": 1032,
        "EA_LEAVERS": 4039,
        "IL_LEAVERS": 71867,
        "JOINS_4Q": 173155,
        "LEAVERS_4Q": 206313,
        "NET_4Q": 3181729,
        "CHURN_4Q": 6.31
    },
    {
        "PERIOD": "2016-04",
        "JOINS": 39154,
        "LEAVERS": 63126,
        "NET_PERIOD": -23972.0,
        "NET_LIVE": -23878.0,
        "LIVE_CUSTOMERS": 3128360,
        "FIBRE_JOIN": 11792,
        "FIBRE_LEAVE": 10916,
        "NET_FIBRE": 876,
        "CHURN": 2.01,
        "ACQUIS": 1.24,
        "CHURN_NCO": 1.98,
        "ACQUIS_NCO": 1.22,
        "CHURN_CO": 2.14,
        "CO_JOINS": 838,
        "CO_LEAVERS": 897,
        "EA_LEAVERS": 3670,
        "IL_LEAVERS": 58559,
        "JOINS_4Q": 0,
        "LEAVERS_4Q": 0,
        "NET_4Q": 0,
        "CHURN_4Q": 0.0
    },
    {
        "PERIOD": "2016-05",
        "JOINS": 41961,
        "LEAVERS": 54185,
        "NET_PERIOD": -12224.0,
        "NET_LIVE": -12097.0,
        "LIVE_CUSTOMERS": 3116263,
        "FIBRE_JOIN": 13494,
        "FIBRE_LEAVE": 9918,
        "NET_FIBRE": 3576,
        "CHURN": 1.74,
        "ACQUIS": 1.34,
        "CHURN_NCO": 1.71,
        "ACQUIS_NCO": 1.31,
        "CHURN_CO": 2.02,
        "CO_JOINS": 846,
        "CO_LEAVERS": 836,
        "EA_LEAVERS": 2767,
        "IL_LEAVERS": 50582,
        "JOINS_4Q": 0,
        "LEAVERS_4Q": 0,
        "NET_4Q": 0,
        "CHURN_4Q": 0.0
    },
    {
        "PERIOD": "2016-06",
        "JOINS": 43739,
        "LEAVERS": 58501,
        "NET_PERIOD": -14762.0,
        "NET_LIVE": -14621.0,
        "LIVE_CUSTOMERS": 3101642,
        "FIBRE_JOIN": 18094,
        "FIBRE_LEAVE": 10424,
        "NET_FIBRE": 7670,
        "CHURN": 1.88,
        "ACQUIS": 1.4,
        "CHURN_NCO": 1.85,
        "ACQUIS_NCO": 1.38,
        "CHURN_CO": 2.03,
        "CO_JOINS": 886,
        "CO_LEAVERS": 869,
        "EA_LEAVERS": 2589,
        "IL_LEAVERS": 55043,
        "JOINS_4Q": 122284,
        "LEAVERS_4Q": 173210,
        "NET_4Q": 3148636,
        "CHURN_4Q": 5.4
    },
    {
        "PERIOD": "2016-07",
        "JOINS": 52328,
        "LEAVERS": 62736,
        "NET_PERIOD": -10408.0,
        "NET_LIVE": -10275.0,
        "LIVE_CUSTOMERS": 3091367,
        "FIBRE_JOIN": 17286,
        "FIBRE_LEAVE": 11499,
        "NET_FIBRE": 5787,
        "CHURN": 2.03,
        "ACQUIS": 1.69,
        "CHURN_NCO": 1.99,
        "ACQUIS_NCO": 1.65,
        "CHURN_CO": 1.96,
        "CO_JOINS": 1028,
        "CO_LEAVERS": 1000,
        "EA_LEAVERS": 2749,
        "IL_LEAVERS": 58987,
        "JOINS_4Q": 0,
        "LEAVERS_4Q": 0,
        "NET_4Q": 0,
        "CHURN_4Q": 0.0
    },
    {
        "PERIOD": "2016-08",
        "JOINS": 35126,
        "LEAVERS": 59656,
        "NET_PERIOD": -24530.0,
        "NET_LIVE": -24350.0,
        "LIVE_CUSTOMERS": 3067017,
        "FIBRE_JOIN": 12824,
        "FIBRE_LEAVE": 11593,
        "NET_FIBRE": 1231,
        "CHURN": 1.94,
        "ACQUIS": 1.14,
        "CHURN_NCO": 1.91,
        "ACQUIS_NCO": 1.11,
        "CHURN_CO": 2.17,
        "CO_JOINS": 761,
        "CO_LEAVERS": 826,
        "EA_LEAVERS": 2942,
        "IL_LEAVERS": 55888,
        "JOINS_4Q": 0,
        "LEAVERS_4Q": 0,
        "NET_4Q": 0,
        "CHURN_4Q": 0.0
    },
    {
        "PERIOD": "2016-09",
        "JOINS": 39873,
        "LEAVERS": 60663,
        "NET_PERIOD": -20790.0,
        "NET_LIVE": -20676.0,
        "LIVE_CUSTOMERS": 3046341,
        "FIBRE_JOIN": 14517,
        "FIBRE_LEAVE": 11663,
        "NET_FIBRE": 2854,
        "CHURN": 1.98,
        "ACQUIS": 1.3,
        "CHURN_NCO": 1.95,
        "ACQUIS_NCO": 1.27,
        "CHURN_CO": 2.5,
        "CO_JOINS": 995,
        "CO_LEAVERS": 966,
        "EA_LEAVERS": 2800,
        "IL_LEAVERS": 56897,
        "JOINS_4Q": 124543,
        "LEAVERS_4Q": 180263,
        "NET_4Q": 3097678,
        "CHURN_4Q": 5.7
    },
    {
        "PERIOD": "2016-10",
        "JOINS": 30589,
        "LEAVERS": 69459,
        "NET_PERIOD": -38870.0,
        "NET_LIVE": -38742.0,
        "LIVE_CUSTOMERS": 3007599,
        "FIBRE_JOIN": 13265,
        "FIBRE_LEAVE": 13581,
        "NET_FIBRE": -316.0,
        "CHURN": 2.29,
        "ACQUIS": 1.0,
        "CHURN_NCO": 2.27,
        "ACQUIS_NCO": 0.98,
        "CHURN_CO": 2.29,
        "CO_JOINS": 699,
        "CO_LEAVERS": 716,
        "EA_LEAVERS": 2417,
        "IL_LEAVERS": 66326,
        "JOINS_4Q": 0,
        "LEAVERS_4Q": 0,
        "NET_4Q": 0,
        "CHURN_4Q": 0.0
    },
    {
        "PERIOD": "2016-11",
        "JOINS": 39600,
        "LEAVERS": 75592,
        "NET_PERIOD": -35992.0,
        "NET_LIVE": -35829.0,
        "LIVE_CUSTOMERS": 2971770,
        "FIBRE_JOIN": 18326,
        "FIBRE_LEAVE": 15493,
        "NET_FIBRE": 2833,
        "CHURN": 2.53,
        "ACQUIS": 1.32,
        "CHURN_NCO": 2.5,
        "ACQUIS_NCO": 1.29,
        "CHURN_CO": 2.33,
        "CO_JOINS": 922,
        "CO_LEAVERS": 896,
        "EA_LEAVERS": 2897,
        "IL_LEAVERS": 71799,
        "JOINS_4Q": 0,
        "LEAVERS_4Q": 0,
        "NET_4Q": 0,
        "CHURN_4Q": 0.0
    },
    {
        "PERIOD": "2016-12",
        "JOINS": 28901,
        "LEAVERS": 61785,
        "NET_PERIOD": -32884.0,
        "NET_LIVE": -32742.0,
        "LIVE_CUSTOMERS": 2939028,
        "FIBRE_JOIN": 13552,
        "FIBRE_LEAVE": 11767,
        "NET_FIBRE": 1785,
        "CHURN": 2.09,
        "ACQUIS": 0.97,
        "CHURN_NCO": 2.07,
        "ACQUIS_NCO": 0.95,
        "CHURN_CO": 2.34,
        "CO_JOINS": 675,
        "CO_LEAVERS": 754,
        "EA_LEAVERS": 2574,
        "IL_LEAVERS": 58457,
        "JOINS_4Q": 96794,
        "LEAVERS_4Q": 204470,
        "NET_4Q": 3041950,
        "CHURN_4Q": 6.62
    },
    {
        "PERIOD": "2017-01",
        "JOINS": 45241,
        "LEAVERS": 65638,
        "NET_PERIOD": -20397.0,
        "NET_LIVE": -20229.0,
        "LIVE_CUSTOMERS": 2918799,
        "FIBRE_JOIN": 18441,
        "FIBRE_LEAVE": 13086,
        "NET_FIBRE": 5355,
        "CHURN": 2.24,
        "ACQUIS": 1.54,
        "CHURN_NCO": 2.21,
        "ACQUIS_NCO": 1.51,
        "CHURN_CO": 2.09,
        "CO_JOINS": 946,
        "CO_LEAVERS": 839,
        "EA_LEAVERS": 2395,
        "IL_LEAVERS": 62404,
        "JOINS_4Q": 0,
        "LEAVERS_4Q": 0,
        "NET_4Q": 0,
        "CHURN_4Q": 0.0
    },
    {
        "PERIOD": "2017-02",
        "JOINS": 57998,
        "LEAVERS": 51684,
        "NET_PERIOD": 6314,
        "NET_LIVE": 6450,
        "LIVE_CUSTOMERS": 2925249,
        "FIBRE_JOIN": 27719,
        "FIBRE_LEAVE": 10298,
        "NET_FIBRE": 17421,
        "CHURN": 1.77,
        "ACQUIS": 1.99,
        "CHURN_NCO": 1.73,
        "ACQUIS_NCO": 1.94,
        "CHURN_CO": 2.31,
        "CO_JOINS": 1339,
        "CO_LEAVERS": 1280,
        "EA_LEAVERS": 2175,
        "IL_LEAVERS": 48229,
        "JOINS_4Q": 0,
        "LEAVERS_4Q": 0,
        "NET_4Q": 0,
        "CHURN_4Q": 0.0
    },
    {
        "PERIOD": "2017-03",
        "JOINS": 47339,
        "LEAVERS": 56379,
        "NET_PERIOD": -9040.0,
        "NET_LIVE": -8884.0,
        "LIVE_CUSTOMERS": 2916365,
        "FIBRE_JOIN": 21931,
        "FIBRE_LEAVE": 12012,
        "NET_FIBRE": 9919,
        "CHURN": 1.93,
        "ACQUIS": 1.62,
        "CHURN_NCO": 1.89,
        "ACQUIS_NCO": 1.58,
        "CHURN_CO": 2.47,
        "CO_JOINS": 1171,
        "CO_LEAVERS": 1302,
        "EA_LEAVERS": 2828,
        "IL_LEAVERS": 52249,
        "JOINS_4Q": 147122,
        "LEAVERS_4Q": 170280,
        "NET_4Q": 2934204,
        "CHURN_4Q": 5.66
    },
    {
        "PERIOD": "2017-04",
        "JOINS": 39445,
        "LEAVERS": 51905,
        "NET_PERIOD": -12460.0,
        "NET_LIVE": -12349.0,
        "LIVE_CUSTOMERS": 2904016,
        "FIBRE_JOIN": 19447,
        "FIBRE_LEAVE": 11635,
        "NET_FIBRE": 7812,
        "CHURN": 1.78,
        "ACQUIS": 1.35,
        "CHURN_NCO": 1.76,
        "ACQUIS_NCO": 1.32,
        "CHURN_CO": 2.2,
        "CO_JOINS": 868,
        "CO_LEAVERS": 822,
        "EA_LEAVERS": 2834,
        "IL_LEAVERS": 48249,
        "JOINS_4Q": 0,
        "LEAVERS_4Q": 0,
        "NET_4Q": 0,
        "CHURN_4Q": 0.0
    },
    {
        "PERIOD": "2017-05",
        "JOINS": 50229,
        "LEAVERS": 48545,
        "NET_PERIOD": 1684,
        "NET_LIVE": 1847,
        "LIVE_CUSTOMERS": 2905863,
        "FIBRE_JOIN": 27025,
        "FIBRE_LEAVE": 11916,
        "NET_FIBRE": 15109,
        "CHURN": 1.67,
        "ACQUIS": 1.73,
        "CHURN_NCO": 1.63,
        "ACQUIS_NCO": 1.69,
        "CHURN_CO": 2.24,
        "CO_JOINS": 1125,
        "CO_LEAVERS": 1100,
        "EA_LEAVERS": 2350,
        "IL_LEAVERS": 45095,
        "JOINS_4Q": 0,
        "LEAVERS_4Q": 0,
        "NET_4Q": 0,
        "CHURN_4Q": 0.0
    },
    {
        "PERIOD": "2017-06",
        "JOINS": 51573,
        "LEAVERS": 44446,
        "NET_PERIOD": 7127,
        "NET_LIVE": 7310,
        "LIVE_CUSTOMERS": 2913173,
        "FIBRE_JOIN": 26841,
        "FIBRE_LEAVE": 11200,
        "NET_FIBRE": 15641,
        "CHURN": 1.53,
        "ACQUIS": 1.77,
        "CHURN_NCO": 1.49,
        "ACQUIS_NCO": 1.74,
        "CHURN_CO": 2.2,
        "CO_JOINS": 1136,
        "CO_LEAVERS": 1143,
        "EA_LEAVERS": 2469,
        "IL_LEAVERS": 40834,
        "JOINS_4Q": 138118,
        "LEAVERS_4Q": 141831,
        "NET_4Q": 2911081,
        "CHURN_4Q": 4.76
    },
    {
        "PERIOD": "2017-07",
        "JOINS": 58697,
        "LEAVERS": 61200,
        "NET_PERIOD": -2503.0,
        "NET_LIVE": -2306.0,
        "LIVE_CUSTOMERS": 2910867,
        "FIBRE_JOIN": 29988,
        "FIBRE_LEAVE": 15649,
        "NET_FIBRE": 14339,
        "CHURN": 2.1,
        "ACQUIS": 2.01,
        "CHURN_NCO": 2.06,
        "ACQUIS_NCO": 1.98,
        "CHURN_CO": 1.96,
        "CO_JOINS": 1149,
        "CO_LEAVERS": 1105,
        "EA_LEAVERS": 2721,
        "IL_LEAVERS": 57374,
        "JOINS_4Q": 0,
        "LEAVERS_4Q": 0,
        "NET_4Q": 0,
        "CHURN_4Q": 0.0
    },
    {
        "PERIOD": "2017-08",
        "JOINS": 74371,
        "LEAVERS": 55529,
        "NET_PERIOD": 18842,
        "NET_LIVE": 19039,
        "LIVE_CUSTOMERS": 2929906,
        "FIBRE_JOIN": 39377,
        "FIBRE_LEAVE": 14764,
        "NET_FIBRE": 24613,
        "CHURN": 1.9,
        "ACQUIS": 2.55,
        "CHURN_NCO": 1.85,
        "ACQUIS_NCO": 2.51,
        "CHURN_CO": 1.88,
        "CO_JOINS": 1401,
        "CO_LEAVERS": 1465,
        "EA_LEAVERS": 3129,
        "IL_LEAVERS": 50935,
        "JOINS_4Q": 0,
        "LEAVERS_4Q": 0,
        "NET_4Q": 0,
        "CHURN_4Q": 0.0
    },
    {
        "PERIOD": "2017-09",
        "JOINS": 59967,
        "LEAVERS": 54611,
        "NET_PERIOD": 5356,
        "NET_LIVE": 5533,
        "LIVE_CUSTOMERS": 2935439,
        "FIBRE_JOIN": 31373,
        "FIBRE_LEAVE": 14352,
        "NET_FIBRE": 17021,
        "CHURN": 1.86,
        "ACQUIS": 2.05,
        "CHURN_NCO": 1.82,
        "ACQUIS_NCO": 2.01,
        "CHURN_CO": 1.88,
        "CO_JOINS": 1127,
        "CO_LEAVERS": 1119,
        "EA_LEAVERS": 3669,
        "IL_LEAVERS": 49823,
        "JOINS_4Q": 189358,
        "LEAVERS_4Q": 167651,
        "NET_4Q": 2907432,
        "CHURN_4Q": 5.58
    },
    {
        "PERIOD": "2017-10",
        "JOINS": 58888,
        "LEAVERS": 62062,
        "NET_PERIOD": -3174.0,
        "NET_LIVE": -2985.0,
        "LIVE_CUSTOMERS": 2932454,
        "FIBRE_JOIN": 31568,
        "FIBRE_LEAVE": 16918,
        "NET_FIBRE": 14650,
        "CHURN": 2.12,
        "ACQUIS": 2.01,
        "CHURN_NCO": 2.08,
        "ACQUIS_NCO": 1.97,
        "CHURN_CO": 1.92,
        "CO_JOINS": 1130,
        "CO_LEAVERS": 1104,
        "EA_LEAVERS": 3674,
        "IL_LEAVERS": 57284,
        "JOINS_4Q": 0,
        "LEAVERS_4Q": 0,
        "NET_4Q": 0,
        "CHURN_4Q": 0.0
    },
    {
        "PERIOD": "2017-11",
        "JOINS": 67303,
        "LEAVERS": 48107,
        "NET_PERIOD": 19196,
        "NET_LIVE": 19401,
        "LIVE_CUSTOMERS": 2951855,
        "FIBRE_JOIN": 32648,
        "FIBRE_LEAVE": 13075,
        "NET_FIBRE": 19573,
        "CHURN": 1.64,
        "ACQUIS": 2.3,
        "CHURN_NCO": 1.59,
        "ACQUIS_NCO": 2.25,
        "CHURN_CO": 1.92,
        "CO_JOINS": 1294,
        "CO_LEAVERS": 1293,
        "EA_LEAVERS": 3293,
        "IL_LEAVERS": 43521,
        "JOINS_4Q": 0,
        "LEAVERS_4Q": 0,
        "NET_4Q": 0,
        "CHURN_4Q": 0.0
    },
    {
        "PERIOD": "2017-12",
        "JOINS": 37924,
        "LEAVERS": 48251,
        "NET_PERIOD": -10327.0,
        "NET_LIVE": -10204.0,
        "LIVE_CUSTOMERS": 2941651,
        "FIBRE_JOIN": 19722,
        "FIBRE_LEAVE": 13507,
        "NET_FIBRE": 6215,
        "CHURN": 1.64,
        "ACQUIS": 1.28,
        "CHURN_NCO": 1.61,
        "ACQUIS_NCO": 1.26,
        "CHURN_CO": 1.66,
        "CO_JOINS": 628,
        "CO_LEAVERS": 752,
        "EA_LEAVERS": 3504,
        "IL_LEAVERS": 43995,
        "JOINS_4Q": 161063,
        "LEAVERS_4Q": 155271,
        "NET_4Q": 2929127,
        "CHURN_4Q": 5.16
    },
    {
        "PERIOD": "2018-01",
        "JOINS": 50334,
        "LEAVERS": 51578,
        "NET_PERIOD": -1244.0,
        "NET_LIVE": -977.0,
        "LIVE_CUSTOMERS": 2940674,
        "FIBRE_JOIN": 24685,
        "FIBRE_LEAVE": 14791,
        "NET_FIBRE": 9894,
        "CHURN": 1.75,
        "ACQUIS": 1.71,
        "CHURN_NCO": 1.72,
        "ACQUIS_NCO": 1.68,
        "CHURN_CO": 1.82,
        "CO_JOINS": 915,
        "CO_LEAVERS": 855,
        "EA_LEAVERS": 2876,
        "IL_LEAVERS": 47847,
        "JOINS_4Q": 0,
        "LEAVERS_4Q": 0,
        "NET_4Q": 0,
        "CHURN_4Q": 0.0
    },
    {
        "PERIOD": "2018-02",
        "JOINS": 51244,
        "LEAVERS": 45675,
        "NET_PERIOD": 5569,
        "NET_LIVE": 5774,
        "LIVE_CUSTOMERS": 2946448,
        "FIBRE_JOIN": 28271,
        "FIBRE_LEAVE": 12614,
        "NET_FIBRE": 15657,
        "CHURN": 1.55,
        "ACQUIS": 1.74,
        "CHURN_NCO": 1.52,
        "ACQUIS_NCO": 1.71,
        "CHURN_CO": 1.79,
        "CO_JOINS": 918,
        "CO_LEAVERS": 876,
        "EA_LEAVERS": 2356,
        "IL_LEAVERS": 42443,
        "JOINS_4Q": 0,
        "LEAVERS_4Q": 0,
        "NET_4Q": 0,
        "CHURN_4Q": 0.0
    },
    {
        "PERIOD": "2018-03",
        "JOINS": 55368,
        "LEAVERS": 51099,
        "NET_PERIOD": 4269,
        "NET_LIVE": 4472,
        "LIVE_CUSTOMERS": 2950920,
        "FIBRE_JOIN": 32759,
        "FIBRE_LEAVE": 15467,
        "NET_FIBRE": 17292,
        "CHURN": 1.73,
        "ACQUIS": 1.88,
        "CHURN_NCO": 1.7,
        "ACQUIS_NCO": 1.84,
        "CHURN_CO": 1.85,
        "CO_JOINS": 1027,
        "CO_LEAVERS": 1073,
        "EA_LEAVERS": 2647,
        "IL_LEAVERS": 47379,
        "JOINS_4Q": 154086,
        "LEAVERS_4Q": 145548,
        "NET_4Q": 2934822,
        "CHURN_4Q": 4.83
    },
    {
        "PERIOD": "2018-04",
        "JOINS": 36157,
        "LEAVERS": 61731,
        "NET_PERIOD": -25574.0,
        "NET_LIVE": -25363.0,
        "LIVE_CUSTOMERS": 2925557,
        "FIBRE_JOIN": 19563,
        "FIBRE_LEAVE": 19173,
        "NET_FIBRE": 390,
        "CHURN": 2.1,
        "ACQUIS": 1.23,
        "CHURN_NCO": 2.08,
        "ACQUIS_NCO": 1.2,
        "CHURN_CO": 1.98,
        "CO_JOINS": 716,
        "CO_LEAVERS": 753,
        "EA_LEAVERS": 2649,
        "IL_LEAVERS": 58329,
        "JOINS_4Q": 0,
        "LEAVERS_4Q": 0,
        "NET_4Q": 0,
        "CHURN_4Q": 0.0
    },
    {
        "PERIOD": "2018-05",
        "JOINS": 40143,
        "LEAVERS": 51116,
        "NET_PERIOD": -10973.0,
        "NET_LIVE": -10788.0,
        "LIVE_CUSTOMERS": 2914769,
        "FIBRE_JOIN": 22066,
        "FIBRE_LEAVE": 16342,
        "NET_FIBRE": 5724,
        "CHURN": 1.75,
        "ACQUIS": 1.37,
        "CHURN_NCO": 1.73,
        "ACQUIS_NCO": 1.35,
        "CHURN_CO": 1.66,
        "CO_JOINS": 666,
        "CO_LEAVERS": 635,
        "EA_LEAVERS": 2457,
        "IL_LEAVERS": 48024,
        "JOINS_4Q": 0,
        "LEAVERS_4Q": 0,
        "NET_4Q": 0,
        "CHURN_4Q": 0.0
    },
    {
        "PERIOD": "2018-06",
        "JOINS": 38392,
        "LEAVERS": 52863,
        "NET_PERIOD": -14471.0,
        "NET_LIVE": -14271.0,
        "LIVE_CUSTOMERS": 2900498,
        "FIBRE_JOIN": 19906,
        "FIBRE_LEAVE": 17350,
        "NET_FIBRE": 2556,
        "CHURN": 1.82,
        "ACQUIS": 1.32,
        "CHURN_NCO": 1.79,
        "ACQUIS_NCO": 1.29,
        "CHURN_CO": 1.85,
        "CO_JOINS": 710,
        "CO_LEAVERS": 738,
        "EA_LEAVERS": 2122,
        "IL_LEAVERS": 50003,
        "JOINS_4Q": 112600,
        "LEAVERS_4Q": 163584,
        "NET_4Q": 2943416,
        "CHURN_4Q": 5.45
    },
    {
        "PERIOD": "2018-07",
        "JOINS": 49917,
        "LEAVERS": 51846,
        "NET_PERIOD": -1929.0,
        "NET_LIVE": -1757.0,
        "LIVE_CUSTOMERS": 2898741,
        "FIBRE_JOIN": 28384,
        "FIBRE_LEAVE": 16873,
        "NET_FIBRE": 11511,
        "CHURN": 1.79,
        "ACQUIS": 1.72,
        "CHURN_NCO": 1.76,
        "ACQUIS_NCO": 1.7,
        "CHURN_CO": 1.42,
        "CO_JOINS": 710,
        "CO_LEAVERS": 712,
        "EA_LEAVERS": 1963,
        "IL_LEAVERS": 49171,
        "JOINS_4Q": 0,
        "LEAVERS_4Q": 0,
        "NET_4Q": 0,
        "CHURN_4Q": 0.0
    },
    {
        "PERIOD": "2018-08",
        "JOINS": 52542,
        "LEAVERS": 47753,
        "NET_PERIOD": 4789,
        "NET_LIVE": 5012,
        "LIVE_CUSTOMERS": 2903753,
        "FIBRE_JOIN": 33077,
        "FIBRE_LEAVE": 15181,
        "NET_FIBRE": 17896,
        "CHURN": 1.65,
        "ACQUIS": 1.81,
        "CHURN_NCO": 1.62,
        "ACQUIS_NCO": 1.79,
        "CHURN_CO": 1.42,
        "CO_JOINS": 746,
        "CO_LEAVERS": 740,
        "EA_LEAVERS": 2190,
        "IL_LEAVERS": 44823,
        "JOINS_4Q": 0,
        "LEAVERS_4Q": 0,
        "NET_4Q": 0,
        "CHURN_4Q": 0.0
    },
    {
        "PERIOD": "2018-09",
        "JOINS": 66751,
        "LEAVERS": 46115,
        "NET_PERIOD": 20636,
        "NET_LIVE": 20849,
        "LIVE_CUSTOMERS": 2924602,
        "FIBRE_JOIN": 40156,
        "FIBRE_LEAVE": 15573,
        "NET_FIBRE": 24583,
        "CHURN": 1.58,
        "ACQUIS": 2.3,
        "CHURN_NCO": 1.55,
        "ACQUIS_NCO": 2.27,
        "CHURN_CO": 1.37,
        "CO_JOINS": 914,
        "CO_LEAVERS": 869,
        "EA_LEAVERS": 2305,
        "IL_LEAVERS": 42941,
        "JOINS_4Q": 166840,
        "LEAVERS_4Q": 143393,
        "NET_4Q": 2892398,
        "CHURN_4Q": 4.82
    },
    {
        "PERIOD": "2018-10",
        "JOINS": 55371,
        "LEAVERS": 57548,
        "NET_PERIOD": -2177.0,
        "NET_LIVE": -1890.0,
        "LIVE_CUSTOMERS": 2922712,
        "FIBRE_JOIN": 38554,
        "FIBRE_LEAVE": 19881,
        "NET_FIBRE": 18673,
        "CHURN": 1.97,
        "ACQUIS": 1.89,
        "CHURN_NCO": 1.94,
        "ACQUIS_NCO": 1.87,
        "CHURN_CO": 1.41,
        "CO_JOINS": 783,
        "CO_LEAVERS": 814,
        "EA_LEAVERS": 2686,
        "IL_LEAVERS": 54048,
        "JOINS_4Q": 0,
        "LEAVERS_4Q": 0,
        "NET_4Q": 0,
        "CHURN_4Q": 0.0
    },
    {
        "PERIOD": "2018-11",
        "JOINS": 66838,
        "LEAVERS": 44106,
        "NET_PERIOD": 22732,
        "NET_LIVE": 22948,
        "LIVE_CUSTOMERS": 2945660,
        "FIBRE_JOIN": 43861,
        "FIBRE_LEAVE": 15047,
        "NET_FIBRE": 28814,
        "CHURN": 1.5,
        "ACQUIS": 2.29,
        "CHURN_NCO": 1.48,
        "ACQUIS_NCO": 2.26,
        "CHURN_CO": 1.22,
        "CO_JOINS": 818,
        "CO_LEAVERS": 820,
        "EA_LEAVERS": 2705,
        "IL_LEAVERS": 40581,
        "JOINS_4Q": 0,
        "LEAVERS_4Q": 0,
        "NET_4Q": 0,
        "CHURN_4Q": 0.0
    },
    {
        "PERIOD": "2018-12",
        "JOINS": 30169,
        "LEAVERS": 52607,
        "NET_PERIOD": -22438.0,
        "NET_LIVE": -22262.0,
        "LIVE_CUSTOMERS": 2923398,
        "FIBRE_JOIN": 21257,
        "FIBRE_LEAVE": 19160,
        "NET_FIBRE": 2097,
        "CHURN": 1.79,
        "ACQUIS": 1.02,
        "CHURN_NCO": 1.78,
        "ACQUIS_NCO": 1.01,
        "CHURN_CO": 1.26,
        "CO_JOINS": 379,
        "CO_LEAVERS": 458,
        "EA_LEAVERS": 2582,
        "IL_LEAVERS": 49567,
        "JOINS_4Q": 150398,
        "LEAVERS_4Q": 152169,
        "NET_4Q": 2915894,
        "CHURN_4Q": 5.09
    },
    {
        "PERIOD": "2019-01",
        "JOINS": 40434,
        "LEAVERS": 53465,
        "NET_PERIOD": -13031.0,
        "NET_LIVE": -12818.0,
        "LIVE_CUSTOMERS": 2910580,
        "FIBRE_JOIN": 29371,
        "FIBRE_LEAVE": 19661,
        "NET_FIBRE": 9710,
        "CHURN": 1.83,
        "ACQUIS": 1.38,
        "CHURN_NCO": 1.82,
        "ACQUIS_NCO": 1.36,
        "CHURN_CO": 1.37,
        "CO_JOINS": 554,
        "CO_LEAVERS": 478,
        "EA_LEAVERS": 2178,
        "IL_LEAVERS": 50809,
        "JOINS_4Q": 0,
        "LEAVERS_4Q": 0,
        "NET_4Q": 0,
        "CHURN_4Q": 0.0
    },
    {
        "PERIOD": "2019-02",
        "JOINS": 52411,
        "LEAVERS": 55363,
        "NET_PERIOD": -2952.0,
        "NET_LIVE": -2760.0,
        "LIVE_CUSTOMERS": 2907820,
        "FIBRE_JOIN": 39178,
        "FIBRE_LEAVE": 21055,
        "NET_FIBRE": 18123,
        "CHURN": 1.9,
        "ACQUIS": 1.8,
        "CHURN_NCO": 1.88,
        "ACQUIS_NCO": 1.78,
        "CHURN_CO": 1.35,
        "CO_JOINS": 710,
        "CO_LEAVERS": 687,
        "EA_LEAVERS": 1739,
        "IL_LEAVERS": 52937,
        "JOINS_4Q": 0,
        "LEAVERS_4Q": 0,
        "NET_4Q": 0,
        "CHURN_4Q": 0.0
    },
    {
        "PERIOD": "2019-03",
        "JOINS": 63191,
        "LEAVERS": 55893,
        "NET_PERIOD": 7298,
        "NET_LIVE": 7513,
        "LIVE_CUSTOMERS": 2915333,
        "FIBRE_JOIN": 46891,
        "FIBRE_LEAVE": 22736,
        "NET_FIBRE": 24155,
        "CHURN": 1.92,
        "ACQUIS": 2.17,
        "CHURN_NCO": 1.89,
        "ACQUIS_NCO": 2.14,
        "CHURN_CO": 1.36,
        "CO_JOINS": 861,
        "CO_LEAVERS": 886,
        "EA_LEAVERS": 2114,
        "IL_LEAVERS": 52893,
        "JOINS_4Q": 153911,
        "LEAVERS_4Q": 162670,
        "NET_4Q": 2914011,
        "CHURN_4Q": 5.44
    },
    {
        "PERIOD": "2019-04",
        "JOINS": 44693,
        "LEAVERS": 60938,
        "NET_PERIOD": -16245.0,
        "NET_LIVE": -15978.0,
        "LIVE_CUSTOMERS": 2899355,
        "FIBRE_JOIN": 30978,
        "FIBRE_LEAVE": 25011,
        "NET_FIBRE": 5967,
        "CHURN": 2.1,
        "ACQUIS": 1.53,
        "CHURN_NCO": 2.07,
        "ACQUIS_NCO": 1.51,
        "CHURN_CO": 1.35,
        "CO_JOINS": 605,
        "CO_LEAVERS": 655,
        "EA_LEAVERS": 2356,
        "IL_LEAVERS": 57927,
        "JOINS_4Q": 0,
        "LEAVERS_4Q": 0,
        "NET_4Q": 0,
        "CHURN_4Q": 0.0
    },
    {
        "PERIOD": "2019-05",
        "JOINS": 41752,
        "LEAVERS": 54483,
        "NET_PERIOD": -12731.0,
        "NET_LIVE": -12514.0,
        "LIVE_CUSTOMERS": 2886841,
        "FIBRE_JOIN": 29679,
        "FIBRE_LEAVE": 22898,
        "NET_FIBRE": 6781,
        "CHURN": 1.88,
        "ACQUIS": 1.44,
        "CHURN_NCO": 1.86,
        "ACQUIS_NCO": 1.42,
        "CHURN_CO": 1.36,
        "CO_JOINS": 567,
        "CO_LEAVERS": 571,
        "EA_LEAVERS": 2469,
        "IL_LEAVERS": 51443,
        "JOINS_4Q": 0,
        "LEAVERS_4Q": 0,
        "NET_4Q": 0,
        "CHURN_4Q": 0.0
    },
    {
        "PERIOD": "2019-06",
        "JOINS": 39780,
        "LEAVERS": 56795,
        "NET_PERIOD": -17015.0,
        "NET_LIVE": -16820.0,
        "LIVE_CUSTOMERS": 2870021,
        "FIBRE_JOIN": 30780,
        "FIBRE_LEAVE": 24622,
        "NET_FIBRE": 6158,
        "CHURN": 1.97,
        "ACQUIS": 1.38,
        "CHURN_NCO": 1.96,
        "ACQUIS_NCO": 1.36,
        "CHURN_CO": 1.27,
        "CO_JOINS": 505,
        "CO_LEAVERS": 490,
        "EA_LEAVERS": 2431,
        "IL_LEAVERS": 53874,
        "JOINS_4Q": 124548,
        "LEAVERS_4Q": 170500,
        "NET_4Q": 2905326,
        "CHURN_4Q": 5.75
    },
    {
        "PERIOD": "2019-07",
        "JOINS": 37361,
        "LEAVERS": 55739,
        "NET_PERIOD": -18378.0,
        "NET_LIVE": -18149.0,
        "LIVE_CUSTOMERS": 2851872,
        "FIBRE_JOIN": 29757,
        "FIBRE_LEAVE": 24088,
        "NET_FIBRE": 5669,
        "CHURN": 1.95,
        "ACQUIS": 1.3,
        "CHURN_NCO": 1.93,
        "ACQUIS_NCO": 1.28,
        "CHURN_CO": 1.54,
        "CO_JOINS": 577,
        "CO_LEAVERS": 589,
        "EA_LEAVERS": 2457,
        "IL_LEAVERS": 52693,
        "JOINS_4Q": 0,
        "LEAVERS_4Q": 0,
        "NET_4Q": 0,
        "CHURN_4Q": 0.0
    },
    {
        "PERIOD": "2019-08",
        "JOINS": 35623,
        "LEAVERS": 54833,
        "NET_PERIOD": -19210.0,
        "NET_LIVE": -19006.0,
        "LIVE_CUSTOMERS": 2832866,
        "FIBRE_JOIN": 28948,
        "FIBRE_LEAVE": 23497,
        "NET_FIBRE": 5451,
        "CHURN": 1.93,
        "ACQUIS": 1.25,
        "CHURN_NCO": 1.91,
        "ACQUIS_NCO": 1.23,
        "CHURN_CO": 1.41,
        "CO_JOINS": 502,
        "CO_LEAVERS": 483,
        "EA_LEAVERS": 2094,
        "IL_LEAVERS": 52256,
        "JOINS_4Q": 0,
        "LEAVERS_4Q": 0,
        "NET_4Q": 0,
        "CHURN_4Q": 0.0
    },
    {
        "PERIOD": "2019-09",
        "JOINS": 41334,
        "LEAVERS": 55227,
        "NET_PERIOD": -13893.0,
        "NET_LIVE": -13669.0,
        "LIVE_CUSTOMERS": 2819197,
        "FIBRE_JOIN": 34194,
        "FIBRE_LEAVE": 24424,
        "NET_FIBRE": 9770,
        "CHURN": 1.95,
        "ACQUIS": 1.46,
        "CHURN_NCO": 1.93,
        "ACQUIS_NCO": 1.44,
        "CHURN_CO": 1.28,
        "CO_JOINS": 530,
        "CO_LEAVERS": 552,
        "EA_LEAVERS": 1795,
        "IL_LEAVERS": 52880,
        "JOINS_4Q": 112709,
        "LEAVERS_4Q": 164175,
        "NET_4Q": 2859335,
        "CHURN_4Q": 5.63
    },
    {
        "PERIOD": "2019-10",
        "JOINS": 41773,
        "LEAVERS": 64734,
        "NET_PERIOD": -22961.0,
        "NET_LIVE": -22733.0,
        "LIVE_CUSTOMERS": 2796464,
        "FIBRE_JOIN": 34226,
        "FIBRE_LEAVE": 29342,
        "NET_FIBRE": 4884,
        "CHURN": 2.31,
        "ACQUIS": 1.48,
        "CHURN_NCO": 2.29,
        "ACQUIS_NCO": 1.46,
        "CHURN_CO": 1.24,
        "CO_JOINS": 516,
        "CO_LEAVERS": 510,
        "EA_LEAVERS": 2222,
        "IL_LEAVERS": 62002,
        "JOINS_4Q": 0,
        "LEAVERS_4Q": 0,
        "NET_4Q": 0,
        "CHURN_4Q": 0.0
    },
    {
        "PERIOD": "2019-11",
        "JOINS": 58428,
        "LEAVERS": 49989,
        "NET_PERIOD": 8439,
        "NET_LIVE": 8650,
        "LIVE_CUSTOMERS": 2805114,
        "FIBRE_JOIN": 39286,
        "FIBRE_LEAVE": 23835,
        "NET_FIBRE": 15451,
        "CHURN": 1.78,
        "ACQUIS": 2.09,
        "CHURN_NCO": 1.76,
        "ACQUIS_NCO": 2.07,
        "CHURN_CO": 0.94,
        "CO_JOINS": 551,
        "CO_LEAVERS": 580,
        "EA_LEAVERS": 2207,
        "IL_LEAVERS": 47202,
        "JOINS_4Q": 0,
        "LEAVERS_4Q": 0,
        "NET_4Q": 0,
        "CHURN_4Q": 0.0
    },
    {
        "PERIOD": "2019-12",
        "JOINS": 11098,
        "LEAVERS": 10602,
        "NET_PERIOD": 496,
        "NET_LIVE": 537,
        "LIVE_CUSTOMERS": 2805651,
        "FIBRE_JOIN": 9442,
        "FIBRE_LEAVE": 5307,
        "NET_FIBRE": 4135,
        "CHURN": 0.38,
        "ACQUIS": 0.4,
        "CHURN_NCO": 0.38,
        "ACQUIS_NCO": 0.4,
        "CHURN_CO": 0.07,
        "CO_JOINS": 8,
        "CO_LEAVERS": 35,
        "EA_LEAVERS": 418,
        "IL_LEAVERS": 10149,
        "JOINS_4Q": 110224,
        "LEAVERS_4Q": 124200,
        "NET_4Q": 2807854,
        "CHURN_4Q": 4.34
    }
]